current_date,current_time,daytime,daytime_class,dayhour,dayquarter,weekday,is_workingday,is_holiday,starting_stop_time,line,number_of_stops,direction,stop_id,stop_name,stop_sequence,arrival_delay_category,departure_delay_category,arrival_delay_seconds,departure_delay_seconds
2024-03-31,21:25:14,night,5,21,2,Sunday,0,0,21:22:00,34,23,Horn,9014184,Bremen Sebaldsbrück (Bus+Tram),0,0,0,0,0
2024-03-31,21:25:14,night,5,21,2,Sunday,0,0,21:22:00,34,23,Horn,9013691,Bremen Am Hallacker,7,0,0,-30,-30
2024-03-31,21:25:14,night,5,21,2,Sunday,0,0,21:22:00,34,23,Horn,9014114,Bremen Osterholzer Landstraße,8,0,0,0,0
2024-03-31,21:25:14,night,5,21,2,Sunday,0,0,21:25:00,26,53,Kattenturm / Klinikum LDW,9103706,Bremen Überseestadt-Nord,0,0,0,0,0
2024-03-31,21:25:14,night,5,21,2,Sunday,0,0,21:25:00,26,53,Kattenturm / Klinikum LDW,9103704,Bremen Ehrenfelsstraße,1,0,0,-30,-30
2024-03-31,21:25:14,night,5,21,2,Sunday,0,0,21:25:00,26,53,Kattenturm / Klinikum LDW,9014194,Bremen Silbermannstraße,2,0,0,0,0
2024-03-31,21:25:14,night,5,21,2,Sunday,0,0,21:25:00,26,53,Kattenturm / Klinikum LDW,9014033,Bremen Lange Reihe,7,0,0,-30,-30
2024-03-31,21:25:14,night,5,21,2,Sunday,0,0,21:25:00,26,53,Kattenturm / Klinikum LDW,9014265,Bremen Bahnhof Walle,8,0,0,0,0
2024-03-31,21:25:14,night,5,21,2,Sunday,0,0,21:25:00,26,53,Kattenturm / Klinikum LDW,9001282,Bremen Fontanestraße,34,0,0,-30,-30
2024-03-31,21:25:14,night,5,21,2,Sunday,0,0,21:25:00,26,53,Kattenturm / Klinikum LDW,9013910,Bremen Habenhauser Brückenstraße,35,0,0,0,0
2024-03-31,21:25:14,night,5,21,2,Sunday,0,0,21:25:00,26,53,Kattenturm / Klinikum LDW,9001281,Bremen Schlehenweg,37,0,0,-30,-30
2024-03-31,21:25:14,night,5,21,2,Sunday,0,0,21:25:00,26,53,Kattenturm / Klinikum LDW,9014211,Bremen Staustraße,38,0,0,0,0
2024-03-31,21:25:14,night,5,21,2,Sunday,0,0,21:25:00,26,53,Kattenturm / Klinikum LDW,9014059,Bremen Martin-Buber-Straße,47,0,0,-30,-30
2024-03-31,21:25:14,night,5,21,2,Sunday,0,0,21:25:00,26,53,Kattenturm / Klinikum LDW,9013783,Bremen Brenningstraße,48,0,0,0,0
2024-03-31,21:25:14,night,5,21,2,Sunday,0,0,20:26:00,26,53,Überseestadt,9014008,Bremen Klinikum Haupteingang,0,0,0,0,0
2024-03-31,21:25:14,night,5,21,2,Sunday,0,0,20:26:00,26,53,Überseestadt,9013999,Bremen Kattenturm-Mitte,2,0,1,36,67
2024-03-31,21:25:14,night,5,21,2,Sunday,0,0,20:26:00,26,53,Überseestadt,9013889,Bremen Gemeinschaftszentrum Obervieland,3,1,1,78,78
2024-03-31,21:25:14,night,5,21,2,Sunday,0,0,20:26:00,26,53,Überseestadt,9013783,Bremen Brenningstraße,4,1,1,102,102
2024-03-31,21:25:14,night,5,21,2,Sunday,0,0,20:26:00,26,53,Überseestadt,9013808,Bremen Carsten-Dreßler-Straße,6,1,1,72,72
2024-03-31,21:25:14,night,5,21,2,Sunday,0,0,20:26:00,26,53,Überseestadt,9013982,Bremen In der Laake,7,1,1,137,137
2024-03-31,21:25:14,night,5,21,2,Sunday,0,0,20:26:00,26,53,Überseestadt,9013946,Bremen Hermann-Helms-Straße,10,1,1,95,95
2024-03-31,21:25:14,night,5,21,2,Sunday,0,0,20:26:00,26,53,Überseestadt,9014131,Bremen Piependamm,12,0,0,54,54
2024-03-31,21:25:14,night,5,21,2,Sunday,0,0,20:26:00,26,53,Überseestadt,9014129,Bremen Pfarrfeldsweg,13,0,0,7,7
2024-03-31,21:25:14,night,5,21,2,Sunday,0,0,20:26:00,26,53,Überseestadt,9001281,Bremen Schlehenweg,15,0,0,38,38
2024-03-31,21:25:14,night,5,21,2,Sunday,0,0,20:26:00,26,53,Überseestadt,9013874,Bremen Friedrich-Engels-Straße,16,1,1,68,68
2024-03-31,21:25:14,night,5,21,2,Sunday,0,0,20:26:00,26,53,Überseestadt,9013910,Bremen Habenhauser Brückenstraße,17,1,0,68,38
2024-03-31,21:25:14,night,5,21,2,Sunday,0,0,20:26:00,26,53,Überseestadt,9001282,Bremen Fontanestraße,18,0,0,37,37
2024-03-31,21:25:14,night,5,21,2,Sunday,0,0,20:26:00,26,53,Überseestadt,9013859,Bremen Fellendsweg,19,1,1,67,67
2024-03-31,21:25:14,night,5,21,2,Sunday,0,0,20:26:00,26,53,Überseestadt,9013988,Bremen Helene-Lange-Straße,20,0,0,12,12
2024-03-31,21:25:14,night,5,21,2,Sunday,0,0,20:26:00,26,53,Überseestadt,9013971,Bremen Huckelriede,22,0,0,-22,0
2024-03-31,21:25:14,night,5,21,2,Sunday,0,0,20:26:00,26,53,Überseestadt,9014217,Bremen Stenumer Straße,23,0,0,36,36
2024-03-31,21:25:14,night,5,21,2,Sunday,0,0,20:26:00,26,53,Überseestadt,9013730,Bremen August-Hinrichs-Straße,25,1,0,77,0
2024-03-31,21:25:14,night,5,21,2,Sunday,0,0,20:26:00,26,53,Überseestadt,9013897,Bremen Gottfried-Menken-Straße,26,0,0,-27,0
2024-03-31,21:25:14,night,5,21,2,Sunday,0,0,20:26:00,26,53,Überseestadt,9014073,Bremen Meyerstraße,27,0,0,-7,54
2024-03-31,21:25:14,night,5,21,2,Sunday,0,0,20:26:00,26,53,Überseestadt,9014122,Bremen Pappelstraße,30,0,0,-12,49
2024-03-31,21:25:14,night,5,21,2,Sunday,0,0,20:26:00,26,53,Überseestadt,9013679,Bremen Am Brill (Bgm.-Smidt-Straße),33,0,0,17,17
2024-03-31,21:25:14,night,5,21,2,Sunday,0,0,20:26:00,26,53,Überseestadt,9013704,Bremen Am Wall,34,1,1,63,63
2024-03-31,21:25:14,night,5,21,2,Sunday,0,0,20:26:00,26,53,Überseestadt,9013925,Bremen Hauptbahnhof,35,0,1,37,108
2024-03-31,21:25:14,night,5,21,2,Sunday,0,0,20:26:00,26,53,Überseestadt,9013768,Bremen Hauptbahnhof-Nord/Messe,36,1,1,125,155
2024-03-31,21:25:14,night,5,21,2,Sunday,0,0,20:26:00,26,53,Überseestadt,9013861,Bremen Findorffallee,38,1,1,210,240
2024-03-31,21:25:14,night,5,21,2,Sunday,0,0,20:26:00,26,53,Überseestadt,9014194,Bremen Silbermannstraße,50,1,1,210,210
2024-03-31,21:25:14,night,5,21,2,Sunday,0,0,20:26:00,26,53,Überseestadt,9103704,Bremen Ehrenfelsstraße,51,1,1,240,240
2024-03-31,21:25:14,night,5,21,2,Sunday,0,0,20:45:00,26,53,Kattenturm / Klinikum LDW,9103706,Bremen Überseestadt-Nord,0,0,0,0,0
2024-03-31,21:25:14,night,5,21,2,Sunday,0,0,20:45:00,26,53,Kattenturm / Klinikum LDW,9103704,Bremen Ehrenfelsstraße,1,0,0,-30,-30
2024-03-31,21:25:14,night,5,21,2,Sunday,0,0,20:45:00,26,53,Kattenturm / Klinikum LDW,9014194,Bremen Silbermannstraße,2,0,0,-32,0
2024-03-31,21:25:14,night,5,21,2,Sunday,0,0,20:45:00,26,53,Kattenturm / Klinikum LDW,9014311,Bremen Überseetor,4,0,0,34,34
2024-03-31,21:25:14,night,5,21,2,Sunday,0,0,20:45:00,26,53,Kattenturm / Klinikum LDW,9013815,Bremen Cuxhavener Straße,5,0,0,2,2
2024-03-31,21:25:14,night,5,21,2,Sunday,0,0,20:45:00,26,53,Kattenturm / Klinikum LDW,9014267,Bremen Waller Ring,6,0,0,-29,0
2024-03-31,21:25:14,night,5,21,2,Sunday,0,0,20:45:00,26,53,Kattenturm / Klinikum LDW,9014033,Bremen Lange Reihe,7,0,0,6,6
2024-03-31,21:25:14,night,5,21,2,Sunday,0,0,20:45:00,26,53,Kattenturm / Klinikum LDW,9014265,Bremen Bahnhof Walle,8,0,0,-7,0
2024-03-31,21:25:14,night,5,21,2,Sunday,0,0,20:45:00,26,53,Kattenturm / Klinikum LDW,9013965,Bremen Holsteiner Straße,9,0,0,-35,0
2024-03-31,21:25:14,night,5,21,2,Sunday,0,0,20:45:00,26,53,Kattenturm / Klinikum LDW,9013826,Bremen Dithmarscher Freiheit,10,0,0,-39,0
2024-03-31,21:25:14,night,5,21,2,Sunday,0,0,20:45:00,26,53,Kattenturm / Klinikum LDW,9013885,Bremen Fürther Straße,11,0,0,-42,0
2024-03-31,21:25:14,night,5,21,2,Sunday,0,0,20:45:00,26,53,Kattenturm / Klinikum LDW,9013861,Bremen Findorffallee,14,0,0,38,38
2024-03-31,21:25:14,night,5,21,2,Sunday,0,0,20:45:00,26,53,Kattenturm / Klinikum LDW,9013925,Bremen Hauptbahnhof,17,0,1,34,101
2024-03-31,21:25:14,night,5,21,2,Sunday,0,0,20:45:00,26,53,Kattenturm / Klinikum LDW,9013704,Bremen Am Wall,18,1,1,130,161
2024-03-31,21:25:14,night,5,21,2,Sunday,0,0,20:45:00,26,53,Kattenturm / Klinikum LDW,9014287,Bremen Westerstraße,20,1,1,211,211
2024-03-31,21:25:14,night,5,21,2,Sunday,0,0,20:45:00,26,53,Kattenturm / Klinikum LDW,9013971,Bremen Huckelriede,30,1,1,211,61
2024-03-31,21:25:14,night,5,21,2,Sunday,0,0,20:45:00,26,53,Kattenturm / Klinikum LDW,9001282,Bremen Fontanestraße,34,0,0,31,31
2024-03-31,21:25:14,night,5,21,2,Sunday,0,0,20:45:00,26,53,Kattenturm / Klinikum LDW,9013910,Bremen Habenhauser Brückenstraße,35,1,1,61,61
2024-03-31,21:25:14,night,5,21,2,Sunday,0,0,20:45:00,26,53,Kattenturm / Klinikum LDW,9001281,Bremen Schlehenweg,37,0,0,31,31
2024-03-31,21:25:14,night,5,21,2,Sunday,0,0,20:45:00,26,53,Kattenturm / Klinikum LDW,9014211,Bremen Staustraße,38,1,1,61,61
2024-03-31,21:25:14,night,5,21,2,Sunday,0,0,20:45:00,26,53,Kattenturm / Klinikum LDW,9014059,Bremen Martin-Buber-Straße,47,0,0,31,31
2024-03-31,21:25:14,night,5,21,2,Sunday,0,0,20:45:00,26,53,Kattenturm / Klinikum LDW,9013783,Bremen Brenningstraße,48,1,1,61,61
2024-03-31,21:25:14,night,5,21,2,Sunday,0,0,21:06:00,26,53,Überseestadt,9014008,Bremen Klinikum Haupteingang,0,0,0,0,0
2024-03-31,21:25:14,night,5,21,2,Sunday,0,0,21:06:00,26,53,Überseestadt,9013988,Bremen Helene-Lange-Straße,20,0,0,-17,0
2024-03-31,21:25:14,night,5,21,2,Sunday,0,0,21:06:00,26,53,Überseestadt,9014194,Bremen Silbermannstraße,50,0,0,-30,-30
2024-03-31,21:25:14,night,5,21,2,Sunday,0,0,21:06:00,26,53,Überseestadt,9103704,Bremen Ehrenfelsstraße,51,0,0,0,0
2024-03-31,21:25:14,night,5,21,2,Sunday,0,0,21:05:00,26,53,Kattenturm / Klinikum LDW,9103706,Bremen Überseestadt-Nord,0,0,0,0,0
2024-03-31,21:25:14,night,5,21,2,Sunday,0,0,21:05:00,26,53,Kattenturm / Klinikum LDW,9103704,Bremen Ehrenfelsstraße,1,0,0,6,6
2024-03-31,21:25:14,night,5,21,2,Sunday,0,0,21:05:00,26,53,Kattenturm / Klinikum LDW,9014194,Bremen Silbermannstraße,2,0,0,-16,0
2024-03-31,21:25:14,night,5,21,2,Sunday,0,0,21:05:00,26,53,Kattenturm / Klinikum LDW,9014311,Bremen Überseetor,4,0,0,30,30
2024-03-31,21:25:14,night,5,21,2,Sunday,0,0,21:05:00,26,53,Kattenturm / Klinikum LDW,9014033,Bremen Lange Reihe,7,0,0,50,50
2024-03-31,21:25:14,night,5,21,2,Sunday,0,0,21:05:00,26,53,Kattenturm / Klinikum LDW,9014265,Bremen Bahnhof Walle,8,0,0,40,40
2024-03-31,21:25:14,night,5,21,2,Sunday,0,0,21:05:00,26,53,Kattenturm / Klinikum LDW,9013965,Bremen Holsteiner Straße,9,0,0,-3,0
2024-03-31,21:25:14,night,5,21,2,Sunday,0,0,21:05:00,26,53,Kattenturm / Klinikum LDW,9013826,Bremen Dithmarscher Freiheit,10,0,0,-9,47
2024-03-31,21:25:14,night,5,21,2,Sunday,0,0,21:05:00,26,53,Kattenturm / Klinikum LDW,9013939,Bremen Hemmstraße,12,0,1,50,80
2024-03-31,21:25:14,night,5,21,2,Sunday,0,0,21:05:00,26,53,Kattenturm / Klinikum LDW,9013925,Bremen Hauptbahnhof,17,1,0,80,0
2024-03-31,21:25:14,night,5,21,2,Sunday,0,0,21:05:00,26,53,Kattenturm / Klinikum LDW,9001282,Bremen Fontanestraße,34,0,0,-30,-30
2024-03-31,21:25:14,night,5,21,2,Sunday,0,0,21:05:00,26,53,Kattenturm / Klinikum LDW,9013910,Bremen Habenhauser Brückenstraße,35,0,0,0,0
2024-03-31,21:25:14,night,5,21,2,Sunday,0,0,21:05:00,26,53,Kattenturm / Klinikum LDW,9001281,Bremen Schlehenweg,37,0,0,-30,-30
2024-03-31,21:25:14,night,5,21,2,Sunday,0,0,21:05:00,26,53,Kattenturm / Klinikum LDW,9014211,Bremen Staustraße,38,0,0,0,0
2024-03-31,21:25:14,night,5,21,2,Sunday,0,0,21:05:00,26,53,Kattenturm / Klinikum LDW,9014059,Bremen Martin-Buber-Straße,47,0,0,-30,-30
2024-03-31,21:25:14,night,5,21,2,Sunday,0,0,21:05:00,26,53,Kattenturm / Klinikum LDW,9013783,Bremen Brenningstraße,48,0,0,0,0
2024-03-31,21:25:14,night,5,21,2,Sunday,0,0,20:46:00,26,53,Überseestadt,9014129,Bremen Pfarrfeldsweg,13,0,0,-67,-67
2024-03-31,21:25:14,night,5,21,2,Sunday,0,0,20:46:00,26,53,Überseestadt,9014211,Bremen Staustraße,14,0,0,-50,-28
2024-03-31,21:25:14,night,5,21,2,Sunday,0,0,20:46:00,26,53,Überseestadt,9001281,Bremen Schlehenweg,15,0,0,7,7
2024-03-31,21:25:14,night,5,21,2,Sunday,0,0,20:46:00,26,53,Überseestadt,9013874,Bremen Friedrich-Engels-Straße,16,0,0,32,32
2024-03-31,21:25:14,night,5,21,2,Sunday,0,0,20:46:00,26,53,Überseestadt,9013910,Bremen Habenhauser Brückenstraße,17,0,0,32,2
2024-03-31,21:25:14,night,5,21,2,Sunday,0,0,20:46:00,26,53,Überseestadt,9001282,Bremen Fontanestraße,18,0,0,10,10
2024-03-31,21:25:14,night,5,21,2,Sunday,0,0,20:46:00,26,53,Überseestadt,9013859,Bremen Fellendsweg,19,0,0,38,38
2024-03-31,21:25:14,night,5,21,2,Sunday,0,0,20:46:00,26,53,Überseestadt,9013988,Bremen Helene-Lange-Straße,20,0,0,-15,0
2024-03-31,21:25:14,night,5,21,2,Sunday,0,0,20:46:00,26,53,Überseestadt,9013971,Bremen Huckelriede,22,0,0,-32,29
2024-03-31,21:25:14,night,5,21,2,Sunday,0,0,20:46:00,26,53,Überseestadt,9014217,Bremen Stenumer Straße,23,1,1,74,74
2024-03-31,21:25:14,night,5,21,2,Sunday,0,0,20:46:00,26,53,Überseestadt,9013730,Bremen August-Hinrichs-Straße,25,1,0,74,0
2024-03-31,21:25:14,night,5,21,2,Sunday,0,0,20:46:00,26,53,Überseestadt,9014194,Bremen Silbermannstraße,50,0,0,-30,-30
2024-03-31,21:25:14,night,5,21,2,Sunday,0,0,20:46:00,26,53,Überseestadt,9103704,Bremen Ehrenfelsstraße,51,0,0,0,0
2024-03-31,21:25:14,night,5,21,2,Sunday,0,0,20:25:00,26,53,Kattenturm / Klinikum LDW,9103706,Bremen Überseestadt-Nord,0,0,0,0,38
2024-03-31,21:25:14,night,5,21,2,Sunday,0,0,20:25:00,26,53,Kattenturm / Klinikum LDW,9103704,Bremen Ehrenfelsstraße,1,0,0,49,49
2024-03-31,21:25:14,night,5,21,2,Sunday,0,0,20:25:00,26,53,Kattenturm / Klinikum LDW,9014194,Bremen Silbermannstraße,2,0,0,38,38
2024-03-31,21:25:14,night,5,21,2,Sunday,0,0,20:25:00,26,53,Kattenturm / Klinikum LDW,9014311,Bremen Überseetor,4,1,1,83,83
2024-03-31,21:25:14,night,5,21,2,Sunday,0,0,20:25:00,26,53,Kattenturm / Klinikum LDW,9014033,Bremen Lange Reihe,7,1,1,104,104
2024-03-31,21:25:14,night,5,21,2,Sunday,0,0,20:25:00,26,53,Kattenturm / Klinikum LDW,9014265,Bremen Bahnhof Walle,8,1,1,97,97
2024-03-31,21:25:14,night,5,21,2,Sunday,0,0,20:25:00,26,53,Kattenturm / Klinikum LDW,9013965,Bremen Holsteiner Straße,9,0,0,57,57
2024-03-31,21:25:14,night,5,21,2,Sunday,0,0,20:25:00,26,53,Kattenturm / Klinikum LDW,9013768,Bremen Hauptbahnhof-Nord/Messe,16,1,1,116,116
2024-03-31,21:25:14,night,5,21,2,Sunday,0,0,20:25:00,26,53,Kattenturm / Klinikum LDW,9013925,Bremen Hauptbahnhof,17,1,0,77,0
2024-03-31,21:25:14,night,5,21,2,Sunday,0,0,20:25:00,26,53,Kattenturm / Klinikum LDW,9013704,Bremen Am Wall,18,0,0,7,7
2024-03-31,21:25:14,night,5,21,2,Sunday,0,0,20:25:00,26,53,Kattenturm / Klinikum LDW,9013679,Bremen Am Brill (Bgm.-Smidt-Straße),19,0,0,-11,0
2024-03-31,21:25:14,night,5,21,2,Sunday,0,0,20:25:00,26,53,Kattenturm / Klinikum LDW,9014287,Bremen Westerstraße,20,0,0,40,40
2024-03-31,21:25:14,night,5,21,2,Sunday,0,0,20:25:00,26,53,Kattenturm / Klinikum LDW,9013954,Bremen Hochschule Bremen,21,0,0,41,41
2024-03-31,21:25:14,night,5,21,2,Sunday,0,0,20:25:00,26,53,Kattenturm / Klinikum LDW,9014122,Bremen Pappelstraße,22,0,0,-14,0
2024-03-31,21:25:14,night,5,21,2,Sunday,0,0,20:25:00,26,53,Kattenturm / Klinikum LDW,9013888,Bremen Gastfeldstraße,24,0,0,40,40
2024-03-31,21:25:14,night,5,21,2,Sunday,0,0,20:25:00,26,53,Kattenturm / Klinikum LDW,9014073,Bremen Meyerstraße,25,1,1,76,76
2024-03-31,21:25:14,night,5,21,2,Sunday,0,0,20:25:00,26,53,Kattenturm / Klinikum LDW,9014299,Bremen Willigstraße,28,1,1,106,106
2024-03-31,21:25:14,night,5,21,2,Sunday,0,0,20:25:00,26,53,Kattenturm / Klinikum LDW,9013971,Bremen Huckelriede,30,1,0,99,0
2024-03-31,21:25:14,night,5,21,2,Sunday,0,0,20:25:00,26,53,Kattenturm / Klinikum LDW,9013872,Bremen Friedhof Huckelriede,31,0,0,41,41
2024-03-31,21:25:14,night,5,21,2,Sunday,0,0,20:25:00,26,53,Kattenturm / Klinikum LDW,9001282,Bremen Fontanestraße,34,0,0,11,11
2024-03-31,21:25:14,night,5,21,2,Sunday,0,0,20:25:00,26,53,Kattenturm / Klinikum LDW,9013910,Bremen Habenhauser Brückenstraße,35,0,0,41,41
2024-03-31,21:25:14,night,5,21,2,Sunday,0,0,20:25:00,26,53,Kattenturm / Klinikum LDW,9001281,Bremen Schlehenweg,37,1,1,78,78
2024-03-31,21:25:14,night,5,21,2,Sunday,0,0,20:25:00,26,53,Kattenturm / Klinikum LDW,9014211,Bremen Staustraße,38,1,1,108,108
2024-03-31,21:25:14,night,5,21,2,Sunday,0,0,20:25:00,26,53,Kattenturm / Klinikum LDW,9014059,Bremen Martin-Buber-Straße,47,1,1,78,78
2024-03-31,21:25:14,night,5,21,2,Sunday,0,0,20:25:00,26,53,Kattenturm / Klinikum LDW,9013783,Bremen Brenningstraße,48,1,1,108,108
2024-03-31,21:25:14,night,5,21,2,Sunday,0,0,21:25:00,37,16,Sebaldsbrück,9013765,Bremen Bf Mahndorf,0,0,0,0,0
2024-03-31,21:25:14,night,5,21,2,Sunday,0,0,21:25:00,37,16,Sebaldsbrück,9013755,Bremen Beim Bohnenhof,2,0,0,-30,-30
2024-03-31,21:25:14,night,5,21,2,Sunday,0,0,21:25:00,37,16,Sebaldsbrück,9013931,Bremen Heiligenbergstraße,3,0,0,0,0
2024-03-31,21:25:14,night,5,21,2,Sunday,0,0,21:25:00,37,16,Sebaldsbrück,9014115,Bremen Osterholzer Möhlendamm,5,0,0,-30,-30
2024-03-31,21:25:14,night,5,21,2,Sunday,0,0,21:25:00,37,16,Sebaldsbrück,9013690,Bremen Am Hahnenkamp,6,0,0,0,0
2024-03-31,21:25:14,night,5,21,2,Sunday,0,0,21:25:00,37,16,Sebaldsbrück,9013701,Bremen Am Siek,9,0,0,-30,-30
2024-03-31,21:25:14,night,5,21,2,Sunday,0,0,21:25:00,37,16,Sebaldsbrück,9014029,Bremen Lachmundsdamm,10,0,0,0,0
2024-03-31,21:25:14,night,5,21,2,Sunday,0,0,21:25:00,8,22,Hauptbahnhof,9014022,Bremen Kulenkampffallee,0,0,0,0,0
2024-03-31,21:25:14,night,5,21,2,Sunday,0,0,21:18:00,8,22,Kulenkampffallee,9014287,Bremen Westerstraße,0,0,1,0,156
2024-03-31,21:25:14,night,5,21,2,Sunday,0,0,21:18:00,8,22,Kulenkampffallee,9013925,Bremen Hauptbahnhof,6,1,0,156,6
2024-03-31,21:25:14,night,5,21,2,Sunday,0,0,21:21:00,57,15,Bremen Roland-Center,9014155,Bremen Roland-Center,0,0,1,0,160
2024-03-31,21:25:14,night,5,21,2,Sunday,0,0,21:22:00,10,33,Sebaldsbrück,9013905,Bremen Gröpelingen,0,0,0,0,0
2024-03-31,21:25:14,night,5,21,2,Sunday,0,0,20:51:00,10,33,Gröpelingen,9014184,Bremen Sebaldsbrück (Bus+Tram),0,0,0,0,37
2024-03-31,21:25:14,night,5,21,2,Sunday,0,0,20:51:00,10,33,Gröpelingen,9013884,Bremen Föhrenstraße,4,1,1,125,125
2024-03-31,21:25:14,night,5,21,2,Sunday,0,0,20:51:00,10,33,Gröpelingen,9013694,Bremen Am Hulsberg,9,1,1,91,91
2024-03-31,21:25:14,night,5,21,2,Sunday,0,0,20:51:00,10,33,Gröpelingen,9013786,Bremen Brunnenstraße,11,1,1,120,120
2024-03-31,21:25:14,night,5,21,2,Sunday,0,0,20:51:00,10,33,Gröpelingen,9013683,Bremen Am Dobben,14,0,0,16,16
2024-03-31,21:25:14,night,5,21,2,Sunday,0,0,20:51:00,10,33,Gröpelingen,9014141,Bremen Rembertistraße,15,0,0,51,51
2024-03-31,21:25:14,night,5,21,2,Sunday,0,0,20:51:00,10,33,Gröpelingen,9013925,Bremen Hauptbahnhof,16,1,0,81,51
2024-03-31,21:25:14,night,5,21,2,Sunday,0,0,21:11:00,10,33,Gröpelingen,9014184,Bremen Sebaldsbrück (Bus+Tram),0,0,0,0,34
2024-03-31,21:25:14,night,5,21,2,Sunday,0,0,21:11:00,10,33,Gröpelingen,9013884,Bremen Föhrenstraße,4,1,1,76,76
2024-03-31,21:25:14,night,5,21,2,Sunday,0,0,21:11:00,10,33,Gröpelingen,9014046,Bremen Ludwig-Quidde-Straße,6,1,1,108,108
2024-03-31,21:25:14,night,5,21,2,Sunday,0,0,21:11:00,10,33,Gröpelingen,9013754,Bremen Bei den Drei Pfählen,8,1,1,142,142
2024-03-31,21:25:14,night,5,21,2,Sunday,0,0,21:11:00,10,33,Gröpelingen,9013925,Bremen Hauptbahnhof,16,1,1,142,112
2024-03-31,21:25:14,night,5,21,2,Sunday,0,0,21:02:00,10,33,Sebaldsbrück,9014304,Bremen Ulrichsplatz,21,1,1,217,217
2024-03-31,21:25:14,night,5,21,2,Sunday,0,0,20:42:00,10,33,Sebaldsbrück,9013905,Bremen Gröpelingen,0,0,0,0,0
2024-03-31,21:25:14,night,5,21,2,Sunday,0,0,20:42:00,10,33,Sebaldsbrück,9014078,Bremen Moorstraße,2,0,0,35,35
2024-03-31,21:25:14,night,5,21,2,Sunday,0,0,20:42:00,10,33,Sebaldsbrück,9013907,Bremen Gustavstraße,7,1,1,102,102
2024-03-31,21:25:14,night,5,21,2,Sunday,0,0,20:42:00,10,33,Sebaldsbrück,9014251,Bremen Utbremer Straße,8,1,1,137,137
2024-03-31,21:25:14,night,5,21,2,Sunday,0,0,20:42:00,10,33,Sebaldsbrück,9014271,Bremen Wartburgstraße,9,1,1,157,187
2024-03-31,21:25:14,night,5,21,2,Sunday,0,0,20:42:00,10,33,Sebaldsbrück,9013818,Bremen Daniel-von-Büren-Straße,13,1,1,221,221
2024-03-31,21:25:14,night,5,21,2,Sunday,0,0,20:42:00,10,33,Sebaldsbrück,9013858,Bremen Falkenstraße,14,1,1,189,189
2024-03-31,21:25:14,night,5,21,2,Sunday,0,0,20:42:00,10,33,Sebaldsbrück,9013925,Bremen Hauptbahnhof,15,1,1,230,231
2024-03-31,21:25:14,night,5,21,2,Sunday,0,0,20:42:00,10,33,Sebaldsbrück,9014141,Bremen Rembertistraße,16,1,1,1320,1320
2024-03-31,21:25:14,night,5,21,2,Sunday,0,0,21:08:00,41,19,Weserwehr,9013765,Bremen Bf Mahndorf,0,0,1,0,148
2024-03-31,21:25:14,night,5,21,2,Sunday,0,0,21:08:00,41,19,Weserwehr,9014010,Bremen Kluvenhagener Straße,1,1,1,177,177
2024-03-31,21:25:14,night,5,21,2,Sunday,0,0,21:08:00,41,19,Weserwehr,9013851,Bremen Eppenhainer Straße,3,1,1,230,230
2024-03-31,21:25:14,night,5,21,2,Sunday,0,0,21:08:00,41,19,Weserwehr,9014088,Bremen Nauheimer Straße,5,1,1,260,260
2024-03-31,21:25:14,night,5,21,2,Sunday,0,0,21:08:00,41,19,Weserwehr,9014203,Bremen Stackkamp,8,1,1,230,230
2024-03-31,21:25:14,night,5,21,2,Sunday,0,0,21:08:00,41,19,Weserwehr,9013788,Bremen Brünsweg,9,1,1,260,260
2024-03-31,21:25:14,night,5,21,2,Sunday,0,0,21:08:00,41,19,Weserwehr,9014170,Bremen Schlengstraße,11,1,1,306,306
2024-03-31,21:25:14,night,5,21,2,Sunday,0,0,20:59:00,25,39,Weidedamm-Süd,9014179,Bremen Schweizer Eck,0,0,0,0,0
2024-03-31,21:25:14,night,5,21,2,Sunday,0,0,20:59:00,25,39,Weidedamm-Süd,9014007,Bremen Klinikum Bremen-Ost,1,0,0,29,29
2024-03-31,21:25:14,night,5,21,2,Sunday,0,0,20:59:00,25,39,Weidedamm-Süd,9013903,Bremen Grenzwehr,2,0,0,36,36
2024-03-31,21:25:14,night,5,21,2,Sunday,0,0,20:59:00,25,39,Weidedamm-Süd,9013849,Bremen Emmentaler Straße,3,1,1,99,99
2024-03-31,21:25:14,night,5,21,2,Sunday,0,0,20:59:00,25,39,Weidedamm-Süd,9014015,Bremen Krefelder Straße,4,1,1,98,98
2024-03-31,21:25:14,night,5,21,2,Sunday,0,0,20:59:00,25,39,Weidedamm-Süd,9013979,Bremen Im Holter Feld,9,1,1,68,68
2024-03-31,21:25:14,night,5,21,2,Sunday,0,0,20:59:00,25,39,Weidedamm-Süd,9013891,Bremen Georg-Gries-Straße,10,1,1,98,98
2024-03-31,21:25:14,night,5,21,2,Sunday,0,0,20:59:00,25,39,Weidedamm-Süd,9014083,Bremen Müdener Straße,14,1,1,65,65
2024-03-31,21:25:14,night,5,21,2,Sunday,0,0,20:59:00,25,39,Weidedamm-Süd,9014205,Bremen Stader Straße/Bismarckstraße,18,1,1,128,128
2024-03-31,21:25:14,night,5,21,2,Sunday,0,0,20:59:00,25,39,Weidedamm-Süd,9013925,Bremen Hauptbahnhof,23,1,0,128,0
2024-03-31,21:25:14,night,5,21,2,Sunday,0,0,20:59:00,25,39,Weidedamm-Süd,9013943,Bremen Herdentor,24,0,0,-30,-30
2024-03-31,21:25:14,night,5,21,2,Sunday,0,0,20:59:00,25,39,Weidedamm-Süd,9014183,Bremen Schüsselkorb,25,0,0,0,0
2024-03-31,21:25:14,night,5,21,2,Sunday,0,0,20:39:00,25,39,Weidedamm-Süd,9014179,Bremen Schweizer Eck,0,0,0,0,0
2024-03-31,21:25:14,night,5,21,2,Sunday,0,0,20:39:00,25,39,Weidedamm-Süd,9014007,Bremen Klinikum Bremen-Ost,1,0,0,45,45
2024-03-31,21:25:14,night,5,21,2,Sunday,0,0,20:39:00,25,39,Weidedamm-Süd,9013903,Bremen Grenzwehr,2,0,0,44,44
2024-03-31,21:25:14,night,5,21,2,Sunday,0,0,20:39:00,25,39,Weidedamm-Süd,9013849,Bremen Emmentaler Straße,3,1,1,74,74
2024-03-31,21:25:14,night,5,21,2,Sunday,0,0,20:39:00,25,39,Weidedamm-Süd,9014292,Bremen Wilhelm-Busch-Weg,8,0,0,35,35
2024-03-31,21:25:14,night,5,21,2,Sunday,0,0,20:39:00,25,39,Weidedamm-Süd,9013979,Bremen Im Holter Feld,9,0,0,53,53
2024-03-31,21:25:14,night,5,21,2,Sunday,0,0,20:39:00,25,39,Weidedamm-Süd,9013891,Bremen Georg-Gries-Straße,10,1,1,83,83
2024-03-31,21:25:14,night,5,21,2,Sunday,0,0,20:39:00,25,39,Weidedamm-Süd,9014142,Bremen Rennplatz,11,1,1,120,120
2024-03-31,21:25:14,night,5,21,2,Sunday,0,0,20:39:00,25,39,Weidedamm-Süd,9014083,Bremen Müdener Straße,14,1,1,150,150
2024-03-31,21:25:14,night,5,21,2,Sunday,0,0,20:39:00,25,39,Weidedamm-Süd,9013989,Bremen Julius-Brecht-Allee,15,1,1,120,120
2024-03-31,21:25:14,night,5,21,2,Sunday,0,0,20:39:00,25,39,Weidedamm-Süd,9014218,Bremen Steubenstraße,16,1,1,117,117
2024-03-31,21:25:14,night,5,21,2,Sunday,0,0,20:39:00,25,39,Weidedamm-Süd,9014222,Bremen Stresemannstraße,17,1,1,151,151
2024-03-31,21:25:14,night,5,21,2,Sunday,0,0,20:39:00,25,39,Weidedamm-Süd,9014205,Bremen Stader Straße/Bismarckstraße,18,1,1,214,214
2024-03-31,21:25:14,night,5,21,2,Sunday,0,0,20:39:00,25,39,Weidedamm-Süd,9014005,Bremen Klinikum Bremen-Mitte,20,1,1,187,187
2024-03-31,21:25:14,night,5,21,2,Sunday,0,0,20:39:00,25,39,Weidedamm-Süd,9013827,Bremen Dobbenweg,21,1,1,103,103
2024-03-31,21:25:14,night,5,21,2,Sunday,0,0,20:39:00,25,39,Weidedamm-Süd,9013925,Bremen Hauptbahnhof,23,0,0,47,0
2024-03-31,21:25:14,night,5,21,2,Sunday,0,0,20:39:00,25,39,Weidedamm-Süd,9013943,Bremen Herdentor,24,0,0,11,11
2024-03-31,21:25:14,night,5,21,2,Sunday,0,0,20:39:00,25,39,Weidedamm-Süd,9014183,Bremen Schüsselkorb,25,0,0,-11,0
2024-03-31,21:25:14,night,5,21,2,Sunday,0,0,20:39:00,25,39,Weidedamm-Süd,9013830,Bremen Domsheide,26,0,0,-35,0
2024-03-31,21:25:14,night,5,21,2,Sunday,0,0,20:39:00,25,39,Weidedamm-Süd,9014135,Bremen Radio Bremen/VHS,29,0,0,-41,0
2024-03-31,21:25:14,night,5,21,2,Sunday,0,0,20:39:00,25,39,Weidedamm-Süd,9013832,Bremen Doventor,30,0,0,37,37
2024-03-31,21:25:14,night,5,21,2,Sunday,0,0,20:39:00,25,39,Weidedamm-Süd,9013942,Bremen Herbststraße,33,1,1,68,68
2024-03-31,21:25:14,night,5,21,2,Sunday,0,0,21:06:00,25,39,Osterholz,9014278,Bremen Weidedamm-Süd,0,0,0,0,0
2024-03-31,21:25:14,night,5,21,2,Sunday,0,0,21:06:00,25,39,Osterholz,9014226,Bremen Stuttgarter Straße,1,0,0,13,13
2024-03-31,21:25:14,night,5,21,2,Sunday,0,0,21:06:00,25,39,Osterholz,9014250,Bremen Utbremer Ring,2,0,0,43,43
2024-03-31,21:25:14,night,5,21,2,Sunday,0,0,21:06:00,25,39,Osterholz,9014042,Bremen Lohmannstraße,5,0,0,28,28
2024-03-31,21:25:14,night,5,21,2,Sunday,0,0,21:06:00,25,39,Osterholz,9013942,Bremen Herbststraße,6,0,0,59,59
2024-03-31,21:25:14,night,5,21,2,Sunday,0,0,21:06:00,25,39,Osterholz,9013818,Bremen Daniel-von-Büren-Straße,8,1,1,149,149
2024-03-31,21:25:14,night,5,21,2,Sunday,0,0,21:06:00,25,39,Osterholz,9013832,Bremen Doventor,9,1,1,104,104
2024-03-31,21:25:14,night,5,21,2,Sunday,0,0,21:06:00,25,39,Osterholz,9014135,Bremen Radio Bremen/VHS,10,1,1,101,101
2024-03-31,21:25:14,night,5,21,2,Sunday,0,0,21:06:00,25,39,Osterholz,9013830,Bremen Domsheide,13,0,0,15,46
2024-03-31,21:25:14,night,5,21,2,Sunday,0,0,21:06:00,25,39,Osterholz,9013925,Bremen Hauptbahnhof,16,0,0,46,0
2024-03-31,21:25:14,night,5,21,2,Sunday,0,0,21:06:00,25,39,Osterholz,9013778,Bremen Bottroper Straße,33,0,0,-30,-30
2024-03-31,21:25:14,night,5,21,2,Sunday,0,0,21:06:00,25,39,Osterholz,9013843,Bremen Einkaufszentrum Blockdiek,34,0,0,0,0
2024-03-31,21:25:14,night,5,21,2,Sunday,0,0,20:46:00,25,39,Osterholz,9014278,Bremen Weidedamm-Süd,0,0,0,0,0
2024-03-31,21:25:14,night,5,21,2,Sunday,0,0,20:46:00,25,39,Osterholz,9014226,Bremen Stuttgarter Straße,1,0,0,29,29
2024-03-31,21:25:14,night,5,21,2,Sunday,0,0,20:46:00,25,39,Osterholz,9014250,Bremen Utbremer Ring,2,1,1,113,113
2024-03-31,21:25:14,night,5,21,2,Sunday,0,0,20:46:00,25,39,Osterholz,9013885,Bremen Fürther Straße,3,1,1,82,82
2024-03-31,21:25:14,night,5,21,2,Sunday,0,0,20:46:00,25,39,Osterholz,9014042,Bremen Lohmannstraße,5,0,0,48,48
2024-03-31,21:25:14,night,5,21,2,Sunday,0,0,20:46:00,25,39,Osterholz,9013942,Bremen Herbststraße,6,1,1,85,85
2024-03-31,21:25:14,night,5,21,2,Sunday,0,0,20:46:00,25,39,Osterholz,9013818,Bremen Daniel-von-Büren-Straße,8,1,1,182,182
2024-03-31,21:25:14,night,5,21,2,Sunday,0,0,20:46:00,25,39,Osterholz,9014135,Bremen Radio Bremen/VHS,10,1,1,102,102
2024-03-31,21:25:14,night,5,21,2,Sunday,0,0,20:46:00,25,39,Osterholz,9013681,Bremen Am Brill (Martinistraße),11,1,1,110,141
2024-03-31,21:25:14,night,5,21,2,Sunday,0,0,20:46:00,25,39,Osterholz,9013830,Bremen Domsheide,13,1,1,98,98
2024-03-31,21:25:14,night,5,21,2,Sunday,0,0,20:46:00,25,39,Osterholz,9014183,Bremen Schüsselkorb,14,1,1,139,139
2024-03-31,21:25:14,night,5,21,2,Sunday,0,0,20:46:00,25,39,Osterholz,9013943,Bremen Herdentor,15,1,1,184,184
2024-03-31,21:25:14,night,5,21,2,Sunday,0,0,20:46:00,25,39,Osterholz,9013925,Bremen Hauptbahnhof,16,1,1,166,202
2024-03-31,21:25:14,night,5,21,2,Sunday,0,0,20:46:00,25,39,Osterholz,9014141,Bremen Rembertistraße,17,1,1,252,507
2024-03-31,21:25:14,night,5,21,2,Sunday,0,0,20:46:00,25,39,Osterholz,9013827,Bremen Dobbenweg,18,1,1,537,537
2024-03-31,21:25:14,night,5,21,2,Sunday,0,0,20:46:00,25,39,Osterholz,9013778,Bremen Bottroper Straße,33,1,1,507,507
2024-03-31,21:25:14,night,5,21,2,Sunday,0,0,20:46:00,25,39,Osterholz,9013843,Bremen Einkaufszentrum Blockdiek,34,1,1,537,537
2024-03-31,21:25:14,night,5,21,2,Sunday,0,0,21:19:00,25,39,Weidedamm-Süd,9014179,Bremen Schweizer Eck,0,0,0,0,0
2024-03-31,21:25:14,night,5,21,2,Sunday,0,0,21:19:00,25,39,Weidedamm-Süd,9014007,Bremen Klinikum Bremen-Ost,1,0,0,41,41
2024-03-31,21:25:14,night,5,21,2,Sunday,0,0,21:19:00,25,39,Weidedamm-Süd,9013849,Bremen Emmentaler Straße,3,1,1,71,71
2024-03-31,21:25:14,night,5,21,2,Sunday,0,0,21:19:00,25,39,Weidedamm-Süd,9013979,Bremen Im Holter Feld,9,0,0,41,41
2024-03-31,21:25:14,night,5,21,2,Sunday,0,0,21:19:00,25,39,Weidedamm-Süd,9013891,Bremen Georg-Gries-Straße,10,1,1,71,71
2024-03-31,21:25:14,night,5,21,2,Sunday,0,0,21:19:00,25,39,Weidedamm-Süd,9013925,Bremen Hauptbahnhof,23,1,0,71,0
2024-03-31,21:25:14,night,5,21,2,Sunday,0,0,21:19:00,25,39,Weidedamm-Süd,9013943,Bremen Herdentor,24,0,0,-30,-30
2024-03-31,21:25:14,night,5,21,2,Sunday,0,0,21:19:00,25,39,Weidedamm-Süd,9014183,Bremen Schüsselkorb,25,0,0,0,0
2024-03-31,21:25:14,night,5,21,2,Sunday,0,0,20:59:00,24,32,Rablinghausen,9014090,Bremen Neue Vahr Nord,0,0,0,0,0
2024-03-31,21:25:14,night,5,21,2,Sunday,0,0,20:59:00,24,32,Rablinghausen,9013877,Bremen Friedrich-Stampfer-Straße,1,0,0,38,38
2024-03-31,21:25:14,night,5,21,2,Sunday,0,0,20:59:00,24,32,Rablinghausen,9014130,Bremen Philipp-Scheidemann-Straße,3,1,1,82,82
2024-03-31,21:25:14,night,5,21,2,Sunday,0,0,20:59:00,24,32,Rablinghausen,9013932,Bremen Heinrich-Hertz-Straße,5,1,1,128,98
2024-03-31,21:25:14,night,5,21,2,Sunday,0,0,20:59:00,24,32,Rablinghausen,9014253,Bremen Verdunstraße,9,1,1,129,129
2024-03-31,21:25:14,night,5,21,2,Sunday,0,0,20:59:00,24,32,Rablinghausen,9014200,Bremen St. Joseph-Stift,10,1,1,115,115
2024-03-31,21:25:14,night,5,21,2,Sunday,0,0,20:59:00,24,32,Rablinghausen,9013768,Bremen Hauptbahnhof-Nord/Messe,12,1,1,107,107
2024-03-31,21:25:14,night,5,21,2,Sunday,0,0,20:59:00,24,32,Rablinghausen,9013925,Bremen Hauptbahnhof,13,1,1,91,96
2024-03-31,21:25:14,night,5,21,2,Sunday,0,0,20:59:00,24,32,Rablinghausen,9013943,Bremen Herdentor,14,1,1,150,150
2024-03-31,21:25:14,night,5,21,2,Sunday,0,0,20:59:00,24,32,Rablinghausen,9014183,Bremen Schüsselkorb,15,1,1,221,221
2024-03-31,21:25:14,night,5,21,2,Sunday,0,0,21:19:00,24,32,Rablinghausen,9014090,Bremen Neue Vahr Nord,0,0,0,0,0
2024-03-31,21:25:14,night,5,21,2,Sunday,0,0,21:19:00,24,32,Rablinghausen,9013877,Bremen Friedrich-Stampfer-Straße,1,0,0,39,39
2024-03-31,21:25:14,night,5,21,2,Sunday,0,0,21:19:00,24,32,Rablinghausen,9014130,Bremen Philipp-Scheidemann-Straße,3,1,1,60,60
2024-03-31,21:25:14,night,5,21,2,Sunday,0,0,21:19:00,24,32,Rablinghausen,9013932,Bremen Heinrich-Hertz-Straße,5,1,0,60,30
2024-03-31,21:25:14,night,5,21,2,Sunday,0,0,21:19:00,24,32,Rablinghausen,9013925,Bremen Hauptbahnhof,13,0,0,30,0
2024-03-31,21:25:14,night,5,21,2,Sunday,0,0,21:19:00,24,32,Rablinghausen,9013943,Bremen Herdentor,14,0,0,-30,-30
2024-03-31,21:25:14,night,5,21,2,Sunday,0,0,21:19:00,24,32,Rablinghausen,9014183,Bremen Schüsselkorb,15,0,0,0,0
2024-03-31,21:25:14,night,5,21,2,Sunday,0,0,21:15:00,24,32,Neue Vahr-Nord,9014134,Bremen Rablinghausen,0,0,1,0,158
2024-03-31,21:25:14,night,5,21,2,Sunday,0,0,21:15:00,24,32,Neue Vahr-Nord,9014153,Bremen Roccoweg,1,1,1,128,128
2024-03-31,21:25:14,night,5,21,2,Sunday,0,0,21:15:00,24,32,Neue Vahr-Nord,9013749,Bremen Bakeweg,2,1,1,190,190
2024-03-31,21:25:14,night,5,21,2,Sunday,0,0,21:15:00,24,32,Neue Vahr-Nord,9013925,Bremen Hauptbahnhof,18,1,0,190,40
2024-03-31,21:25:14,night,5,21,2,Sunday,0,0,21:15:00,24,32,Neue Vahr-Nord,9013932,Bremen Heinrich-Hertz-Straße,26,0,0,40,0
2024-03-31,21:25:14,night,5,21,2,Sunday,0,0,20:55:00,24,32,Neue Vahr-Nord,9014134,Bremen Rablinghausen,0,0,0,0,0
2024-03-31,21:25:14,night,5,21,2,Sunday,0,0,20:55:00,24,32,Neue Vahr-Nord,9014153,Bremen Roccoweg,1,0,0,-30,-30
2024-03-31,21:25:14,night,5,21,2,Sunday,0,0,20:55:00,24,32,Neue Vahr-Nord,9013749,Bremen Bakeweg,2,0,0,31,31
2024-03-31,21:25:14,night,5,21,2,Sunday,0,0,20:55:00,24,32,Neue Vahr-Nord,9014303,Bremen Woltmershauser Friedhof,4,1,1,67,97
2024-03-31,21:25:14,night,5,21,2,Sunday,0,0,20:55:00,24,32,Neue Vahr-Nord,9013669,Bremen Akazienstraße,9,1,1,80,140
2024-03-31,21:25:14,night,5,21,2,Sunday,0,0,20:55:00,24,32,Neue Vahr-Nord,9013961,Bremen Hohentorsplatz,11,1,1,105,105
2024-03-31,21:25:14,night,5,21,2,Sunday,0,0,20:55:00,24,32,Neue Vahr-Nord,9014287,Bremen Westerstraße,12,1,1,207,238
2024-03-31,21:25:14,night,5,21,2,Sunday,0,0,20:55:00,24,32,Neue Vahr-Nord,9014294,Bremen Wilhelm-Kaisen-Brücke,14,1,1,180,180
2024-03-31,21:25:14,night,5,21,2,Sunday,0,0,20:55:00,24,32,Neue Vahr-Nord,9013830,Bremen Domsheide,15,1,1,148,179
2024-03-31,21:25:14,night,5,21,2,Sunday,0,0,20:55:00,24,32,Neue Vahr-Nord,9013943,Bremen Herdentor,17,1,1,210,240
2024-03-31,21:25:14,night,5,21,2,Sunday,0,0,20:55:00,24,32,Neue Vahr-Nord,9013925,Bremen Hauptbahnhof,18,1,1,205,143
2024-03-31,21:25:14,night,5,21,2,Sunday,0,0,20:55:00,24,32,Neue Vahr-Nord,9013768,Bremen Hauptbahnhof-Nord/Messe,19,1,1,174,174
2024-03-31,21:25:14,night,5,21,2,Sunday,0,0,20:55:00,24,32,Neue Vahr-Nord,9013932,Bremen Heinrich-Hertz-Straße,26,1,1,174,84
2024-03-31,21:25:14,night,5,21,2,Sunday,0,0,20:39:00,24,32,Rablinghausen,9014090,Bremen Neue Vahr Nord,0,0,0,0,0
2024-03-31,21:25:14,night,5,21,2,Sunday,0,0,20:39:00,24,32,Rablinghausen,9013729,Bremen August-Bebel-Allee,4,0,0,42,42
2024-03-31,21:25:14,night,5,21,2,Sunday,0,0,20:39:00,24,32,Rablinghausen,9013932,Bremen Heinrich-Hertz-Straße,5,0,0,42,12
2024-03-31,21:25:14,night,5,21,2,Sunday,0,0,20:39:00,24,32,Rablinghausen,9014023,Bremen Kurfürstenallee,8,0,0,-35,55
2024-03-31,21:25:14,night,5,21,2,Sunday,0,0,20:39:00,24,32,Rablinghausen,9014253,Bremen Verdunstraße,9,1,1,84,84
2024-03-31,21:25:14,night,5,21,2,Sunday,0,0,20:39:00,24,32,Rablinghausen,9014200,Bremen St. Joseph-Stift,10,0,0,53,53
2024-03-31,21:25:14,night,5,21,2,Sunday,0,0,20:39:00,24,32,Rablinghausen,9013703,Bremen Am Stern,11,0,0,59,59
2024-03-31,21:25:14,night,5,21,2,Sunday,0,0,20:39:00,24,32,Rablinghausen,9013768,Bremen Hauptbahnhof-Nord/Messe,12,0,0,30,30
2024-03-31,21:25:14,night,5,21,2,Sunday,0,0,20:39:00,24,32,Rablinghausen,9013925,Bremen Hauptbahnhof,13,0,0,3,0
2024-03-31,21:25:14,night,5,21,2,Sunday,0,0,20:39:00,24,32,Rablinghausen,9013943,Bremen Herdentor,14,0,0,56,56
2024-03-31,21:25:14,night,5,21,2,Sunday,0,0,20:39:00,24,32,Rablinghausen,9014183,Bremen Schüsselkorb,15,0,0,40,40
2024-03-31,21:25:14,night,5,21,2,Sunday,0,0,20:39:00,24,32,Rablinghausen,9014294,Bremen Wilhelm-Kaisen-Brücke,17,1,1,79,79
2024-03-31,21:25:14,night,5,21,2,Sunday,0,0,20:39:00,24,32,Rablinghausen,9013698,Bremen Am Neuen Markt,18,1,1,111,111
2024-03-31,21:25:14,night,5,21,2,Sunday,0,0,20:39:00,24,32,Rablinghausen,9014287,Bremen Westerstraße,19,1,1,120,150
2024-03-31,21:25:14,night,5,21,2,Sunday,0,0,20:39:00,24,32,Rablinghausen,9013669,Bremen Akazienstraße,22,1,1,211,211
2024-03-31,21:25:14,night,5,21,2,Sunday,0,0,20:39:00,24,32,Rablinghausen,9013972,Bremen Huder Straße,23,1,1,201,201
2024-03-31,21:25:14,night,5,21,2,Sunday,0,0,21:18:00,21,25,Sebaldsbrück,9013969,Bremen Horn (Horner Kirche),0,0,0,0,0
2024-03-31,21:25:14,night,5,21,2,Sunday,0,0,21:11:00,93,19,Marßel,9013905,Bremen Gröpelingen,0,0,0,0,0
2024-03-31,21:25:14,night,5,21,2,Sunday,0,0,21:11:00,93,19,Marßel,9013993,Bremen Karl-Bröger-Straße,1,0,0,-90,-74
2024-03-31,21:25:14,night,5,21,2,Sunday,0,0,21:11:00,93,19,Marßel,9013816,Bremen DIAKO Bremen,2,0,0,-104,-30
2024-03-31,21:25:14,night,5,21,2,Sunday,0,0,21:11:00,93,19,Marßel,9013685,Bremen Am Fuchsberg,3,0,0,-36,0
2024-03-31,21:25:14,night,5,21,2,Sunday,0,0,21:11:00,93,19,Marßel,9014151,Bremen Ritterhuder Heerstraße,4,0,0,-53,0
2024-03-31,21:25:14,night,5,21,2,Sunday,0,0,21:11:00,93,19,Marßel,9013829,Bremen Dohlenstraße,5,0,0,-34,0
2024-03-31,21:25:14,night,5,21,2,Sunday,0,0,21:11:00,93,19,Marßel,9014257,Bremen Von-Ossietzky-Straße,6,0,0,-60,0
2024-03-31,21:25:14,night,5,21,2,Sunday,0,0,21:11:00,93,19,Marßel,9014075,Bremen Mittelsbürener Landstraße,7,0,0,-57,0
2024-03-31,21:25:14,night,5,21,2,Sunday,0,0,21:11:00,93,19,Marßel,9013687,Bremen Am Geestkamp,8,0,0,-80,0
2024-03-31,21:25:14,night,5,21,2,Sunday,0,0,21:11:00,93,19,Marßel,9013707,Bremen An Smidts Park,9,0,0,-31,0
2024-03-31,21:25:14,night,5,21,2,Sunday,0,0,21:11:00,93,19,Marßel,9013793,Bremen Burger Dorfstraße,10,0,0,-44,0
2024-03-31,21:25:14,night,5,21,2,Sunday,0,0,21:11:00,93,19,Marßel,9013736,Bremen-Burg(Bus),11,0,0,-103,0
2024-03-31,21:25:14,night,5,21,2,Sunday,0,0,21:25:00,39,6,Bf Mahndorf / 40 Weserwehr,9014283,Bremen Weserpark-Süd,0,0,0,0,0
2024-03-31,21:25:14,night,5,21,2,Sunday,0,0,21:25:00,39,6,Bf Mahndorf / 40 Weserwehr,9013968,Bremen Holzweide,1,0,0,-30,-30
2024-03-31,21:25:14,night,5,21,2,Sunday,0,0,21:25:00,39,6,Bf Mahndorf / 40 Weserwehr,9014055,Bremen Malthusstraße,2,0,0,0,0
2024-03-31,21:25:14,night,5,21,2,Sunday,0,0,20:51:00,22,26,Kattenturm,9014001,Bremen Kirchbachstraße,13,0,0,0,0
2024-03-31,21:25:14,night,5,21,2,Sunday,0,0,20:51:00,22,26,Kattenturm,9014023,Bremen Kurfürstenallee,14,1,1,227,197
2024-03-31,21:25:14,night,5,21,2,Sunday,0,0,20:51:00,22,26,Kattenturm,9013715,Bremen Arensburgstraße,15,1,1,170,170
2024-03-31,21:25:14,night,5,21,2,Sunday,0,0,20:51:00,22,26,Kattenturm,9013754,Bremen Bei den Drei Pfählen,17,1,1,178,178
2024-03-31,21:25:14,night,5,21,2,Sunday,0,0,20:51:00,22,26,Kattenturm,9013890,Bremen Georg-Bitter-Straße,19,1,1,180,180
2024-03-31,21:25:14,night,5,21,2,Sunday,0,0,20:51:00,22,26,Kattenturm,9013994,Bremen Karl-Carstens-Brücke,20,1,1,252,252
2024-03-31,21:25:14,night,5,21,2,Sunday,0,0,21:24:00,94,48,Marßel,9082643,Schwanewede Am Spreeken,0,0,0,0,0
2024-03-31,21:25:14,night,5,21,2,Sunday,0,0,21:24:00,94,48,Marßel,9082647,Schwanewede Dreienkamp,7,0,0,-30,-30
2024-03-31,21:25:14,night,5,21,2,Sunday,0,0,21:24:00,94,48,Marßel,9082642,Schwanewede Am Markt,8,0,0,0,0
2024-03-31,21:25:14,night,5,21,2,Sunday,0,0,21:24:00,94,48,Marßel,9014056,Bremen Margaretenallee,21,0,0,-30,-30
2024-03-31,21:25:14,night,5,21,2,Sunday,0,0,21:24:00,94,48,Marßel,9013781,Bremen Bremer Vulkan,22,0,0,0,0
2024-03-31,21:25:14,night,5,21,2,Sunday,0,0,20:36:00,94,48,Schwanewede-Nord,9013936,Bremen Marßel,0,0,0,0,42
2024-03-31,21:25:14,night,5,21,2,Sunday,0,0,20:36:00,94,48,Schwanewede-Nord,9014219,Bremen Stockholmer Straße,3,1,1,71,71
2024-03-31,21:25:14,night,5,21,2,Sunday,0,0,20:36:00,94,48,Schwanewede-Nord,9014204,Bremen Stader Landstraße,6,1,1,103,103
2024-03-31,21:25:14,night,5,21,2,Sunday,0,0,20:36:00,94,48,Schwanewede-Nord,9013736,Bremen-Burg(Bus),7,1,1,131,131
2024-03-31,21:25:14,night,5,21,2,Sunday,0,0,20:36:00,94,48,Schwanewede-Nord,9014204,Bremen Stader Landstraße,8,1,1,184,184
2024-03-31,21:25:14,night,5,21,2,Sunday,0,0,20:36:00,94,48,Schwanewede-Nord,9014322,Bremen-Lesum Kirche,10,1,1,217,217
2024-03-31,21:25:14,night,5,21,2,Sunday,0,0,20:36:00,94,48,Schwanewede-Nord,9014012,Bremen Knoops Park,12,1,1,248,248
2024-03-31,21:25:14,night,5,21,2,Sunday,0,0,20:36:00,94,48,Schwanewede-Nord,9013904,Bremen Grohn-Markt,19,1,1,210,210
2024-03-31,21:25:14,night,5,21,2,Sunday,0,0,20:36:00,94,48,Schwanewede-Nord,9013747,Bremen Bahnhof Vegesack,20,1,0,112,35
2024-03-31,21:25:14,night,5,21,2,Sunday,0,0,20:36:00,94,48,Schwanewede-Nord,9013893,Bremen Gerhard-Rohlfs-Straße,21,1,1,97,97
2024-03-31,21:25:14,night,5,21,2,Sunday,0,0,20:36:00,94,48,Schwanewede-Nord,9013906,Bremen Gustav-Heinemann-Bürgerhaus,22,1,1,67,67
2024-03-31,21:25:14,night,5,21,2,Sunday,0,0,20:36:00,94,48,Schwanewede-Nord,9013883,Bremen Fährgrund,23,1,1,76,76
2024-03-31,21:25:14,night,5,21,2,Sunday,0,0,20:36:00,94,48,Schwanewede-Nord,9014254,Bremen Vereinsstraße,24,1,1,111,111
2024-03-31,21:25:14,night,5,21,2,Sunday,0,0,20:36:00,94,48,Schwanewede-Nord,9013735,Bremen Bahnhof Blumenthal,28,1,1,68,194
2024-03-31,21:25:14,night,5,21,2,Sunday,0,0,20:36:00,94,48,Schwanewede-Nord,9014060,Bremen Martin-Luther-Straße,29,1,1,224,254
2024-03-31,21:25:14,night,5,21,2,Sunday,0,0,20:36:00,94,48,Schwanewede-Nord,9013769,Bremen Bockhorner Weg,30,1,1,256,286
2024-03-31,21:25:14,night,5,21,2,Sunday,0,0,20:36:00,94,48,Schwanewede-Nord,9013929,Bremen Hegeweg,33,1,1,256,256
2024-03-31,21:25:14,night,5,21,2,Sunday,0,0,20:36:00,94,48,Schwanewede-Nord,9014150,Bremen Ringofenstraße,34,1,1,286,286
2024-03-31,21:25:14,night,5,21,2,Sunday,0,0,20:36:00,94,48,Schwanewede-Nord,9082657,Schwanewede Insterburger Weg,38,1,1,256,256
2024-03-31,21:25:14,night,5,21,2,Sunday,0,0,20:36:00,94,48,Schwanewede-Nord,9082642,Schwanewede Am Markt,39,1,1,286,286
2024-03-31,21:25:14,night,5,21,2,Sunday,0,0,20:54:00,94,48,Marßel,9082643,Schwanewede Am Spreeken,0,0,0,0,0
2024-03-31,21:25:14,night,5,21,2,Sunday,0,0,20:54:00,94,48,Marßel,9082654,Schwanewede Hospitalstraße,5,0,0,29,29
2024-03-31,21:25:14,night,5,21,2,Sunday,0,0,20:54:00,94,48,Marßel,9082648,Schwanewede Eichengrund,6,1,1,88,88
2024-03-31,21:25:14,night,5,21,2,Sunday,0,0,20:54:00,94,48,Marßel,9082647,Schwanewede Dreienkamp,7,0,0,58,58
2024-03-31,21:25:14,night,5,21,2,Sunday,0,0,20:54:00,94,48,Marßel,9082642,Schwanewede Am Markt,8,1,1,122,122
2024-03-31,21:25:14,night,5,21,2,Sunday,0,0,20:54:00,94,48,Marßel,9013957,Bremen Hohenbuchener Straße,12,1,1,79,79
2024-03-31,21:25:14,night,5,21,2,Sunday,0,0,20:54:00,94,48,Marßel,9013929,Bremen Hegeweg,14,0,0,49,49
2024-03-31,21:25:14,night,5,21,2,Sunday,0,0,20:54:00,94,48,Marßel,9013769,Bremen Bockhorner Weg,17,1,1,87,118
2024-03-31,21:25:14,night,5,21,2,Sunday,0,0,20:54:00,94,48,Marßel,9013735,Bremen Bahnhof Blumenthal,19,1,0,208,58
2024-03-31,21:25:14,night,5,21,2,Sunday,0,0,20:54:00,94,48,Marßel,9014056,Bremen Margaretenallee,21,1,1,76,76
2024-03-31,21:25:14,night,5,21,2,Sunday,0,0,20:54:00,94,48,Marßel,9013781,Bremen Bremer Vulkan,22,1,1,106,106
2024-03-31,21:25:14,night,5,21,2,Sunday,0,0,20:54:00,94,48,Marßel,9013747,Bremen Bahnhof Vegesack,27,1,0,106,0
2024-03-31,21:25:14,night,5,21,2,Sunday,0,0,21:06:00,94,48,Schwanewede-Nord,9013936,Bremen Marßel,0,0,0,0,0
2024-03-31,21:25:14,night,5,21,2,Sunday,0,0,21:06:00,94,48,Schwanewede-Nord,9014219,Bremen Stockholmer Straße,3,0,0,34,34
2024-03-31,21:25:14,night,5,21,2,Sunday,0,0,21:06:00,94,48,Schwanewede-Nord,9013736,Bremen-Burg(Bus),7,1,1,83,83
2024-03-31,21:25:14,night,5,21,2,Sunday,0,0,21:06:00,94,48,Schwanewede-Nord,9014204,Bremen Stader Landstraße,8,1,1,124,124
2024-03-31,21:25:14,night,5,21,2,Sunday,0,0,21:06:00,94,48,Schwanewede-Nord,9014214,Bremen Stehnckenshoff,9,1,1,158,158
2024-03-31,21:25:14,night,5,21,2,Sunday,0,0,21:06:00,94,48,Schwanewede-Nord,9013747,Bremen Bahnhof Vegesack,20,1,0,158,8
2024-03-31,21:25:14,night,5,21,2,Sunday,0,0,21:06:00,94,48,Schwanewede-Nord,9013893,Bremen Gerhard-Rohlfs-Straße,21,0,0,0,0
2024-03-31,21:25:14,night,5,21,2,Sunday,0,0,21:06:00,94,48,Schwanewede-Nord,9013929,Bremen Hegeweg,33,0,0,-30,-30
2024-03-31,21:25:14,night,5,21,2,Sunday,0,0,21:06:00,94,48,Schwanewede-Nord,9014150,Bremen Ringofenstraße,34,0,0,0,0
2024-03-31,21:25:14,night,5,21,2,Sunday,0,0,21:06:00,94,48,Schwanewede-Nord,9082657,Schwanewede Insterburger Weg,38,0,0,-30,-30
2024-03-31,21:25:14,night,5,21,2,Sunday,0,0,21:06:00,94,48,Schwanewede-Nord,9082642,Schwanewede Am Markt,39,0,0,0,0
2024-03-31,21:25:14,night,5,21,2,Sunday,0,0,20:24:00,94,48,Marßel,9082643,Schwanewede Am Spreeken,0,0,0,0,0
2024-03-31,21:25:14,night,5,21,2,Sunday,0,0,20:24:00,94,48,Marßel,9013893,Bremen Gerhard-Rohlfs-Straße,26,0,1,0,119
2024-03-31,21:25:14,night,5,21,2,Sunday,0,0,20:24:00,94,48,Marßel,9013747,Bremen Bahnhof Vegesack,27,0,0,0,39
2024-03-31,21:25:14,night,5,21,2,Sunday,0,0,20:24:00,94,48,Marßel,9014146,Bremen Richthofenstraße,33,0,0,1,1
2024-03-31,21:25:14,night,5,21,2,Sunday,0,0,20:24:00,94,48,Marßel,9013695,Bremen Am Kapellenberg,34,0,1,-28,160
2024-03-31,21:25:14,night,5,21,2,Sunday,0,0,20:24:00,94,48,Marßel,9014204,Bremen Stader Landstraße,39,1,1,103,103
2024-03-31,21:25:14,night,5,21,2,Sunday,0,0,20:24:00,94,48,Marßel,9013736,Bremen-Burg(Bus),40,1,1,127,188
2024-03-31,21:25:14,night,5,21,2,Sunday,0,0,21:23:00,90,58,Gröpelingen,9065560,,0,0,0,0,0
2024-03-31,21:25:14,night,5,21,2,Sunday,0,0,21:23:00,90,58,Gröpelingen,9065568,Neuenkirchen(Schwanewede) Vorbruch,1,0,0,-30,-30
2024-03-31,21:25:14,night,5,21,2,Sunday,0,0,21:23:00,90,58,Gröpelingen,9065559,Neuenkirchen(Schwanewede) Ahnten,2,0,0,0,0
2024-03-31,21:25:14,night,5,21,2,Sunday,0,0,21:23:00,90,58,Gröpelingen,9014079,Bremen Moorstücke,5,0,0,-30,-30
2024-03-31,21:25:14,night,5,21,2,Sunday,0,0,21:23:00,90,58,Gröpelingen,9014166,Bremen Sandkuhlenweg,6,0,0,0,0
2024-03-31,21:25:14,night,5,21,2,Sunday,0,0,21:23:00,90,58,Gröpelingen,9014260,Bremen Vor den Wischen,7,0,0,-30,-30
2024-03-31,21:25:14,night,5,21,2,Sunday,0,0,21:23:00,90,58,Gröpelingen,9014140,Bremen Rekumer Siel,8,0,0,0,0
2024-03-31,21:25:14,night,5,21,2,Sunday,0,0,21:23:00,90,58,Gröpelingen,9013819,Bremen De Kreienbarg,10,0,0,-30,-30
2024-03-31,21:25:14,night,5,21,2,Sunday,0,0,21:23:00,90,58,Gröpelingen,9014291,Bremen Wilhelm-Brandhorst-Straße,11,0,0,0,0
2024-03-31,21:25:14,night,5,21,2,Sunday,0,0,21:23:00,90,58,Gröpelingen,9013916,Bremen Hanfstraße,17,0,0,-30,-30
2024-03-31,21:25:14,night,5,21,2,Sunday,0,0,21:23:00,90,58,Gröpelingen,9013797,Bremen Buschdeel,18,0,0,0,0
2024-03-31,21:25:14,night,5,21,2,Sunday,0,0,20:28:00,90,58,Neuenkirchen,9013905,Bremen Gröpelingen,0,0,0,0,49
2024-03-31,21:25:14,night,5,21,2,Sunday,0,0,20:28:00,90,58,Neuenkirchen,9013993,Bremen Karl-Bröger-Straße,1,1,1,96,96
2024-03-31,21:25:14,night,5,21,2,Sunday,0,0,20:28:00,90,58,Neuenkirchen,9013685,Bremen Am Fuchsberg,3,1,1,149,149
2024-03-31,21:25:14,night,5,21,2,Sunday,0,0,20:28:00,90,58,Neuenkirchen,9014075,Bremen Mittelsbürener Landstraße,7,1,1,175,205
2024-03-31,21:25:14,night,5,21,2,Sunday,0,0,20:28:00,90,58,Neuenkirchen,9013687,Bremen Am Geestkamp,8,1,1,184,184
2024-03-31,21:25:14,night,5,21,2,Sunday,0,0,20:28:00,90,58,Neuenkirchen,9013793,Bremen Burger Dorfstraße,10,1,1,215,215
2024-03-31,21:25:14,night,5,21,2,Sunday,0,0,20:28:00,90,58,Neuenkirchen,9013736,Bremen-Burg(Bus),11,1,1,168,78
2024-03-31,21:25:14,night,5,21,2,Sunday,0,0,20:28:00,90,58,Neuenkirchen,9014204,Bremen Stader Landstraße,12,1,1,110,110
2024-03-31,21:25:14,night,5,21,2,Sunday,0,0,20:28:00,90,58,Neuenkirchen,9013795,Bremen Burgdammer Postweg,14,1,1,148,148
2024-03-31,21:25:14,night,5,21,2,Sunday,0,0,20:28:00,90,58,Neuenkirchen,9013692,Bremen Am Heidbergstift,15,1,1,117,117
2024-03-31,21:25:14,night,5,21,2,Sunday,0,0,20:28:00,90,58,Neuenkirchen,9014310,Bremen Zum Kränholm,18,1,1,87,87
2024-03-31,21:25:14,night,5,21,2,Sunday,0,0,20:28:00,90,58,Neuenkirchen,9013966,Bremen Holthorster Weg,19,1,1,152,152
2024-03-31,21:25:14,night,5,21,2,Sunday,0,0,20:28:00,90,58,Neuenkirchen,9013724,Bremen Auf dem Krümpel,23,1,1,187,187
2024-03-31,21:25:14,night,5,21,2,Sunday,0,0,20:28:00,90,58,Neuenkirchen,9013747,Bremen Bahnhof Vegesack,24,1,1,115,85
2024-03-31,21:25:14,night,5,21,2,Sunday,0,0,20:28:00,90,58,Neuenkirchen,9013893,Bremen Gerhard-Rohlfs-Straße,25,1,1,115,115
2024-03-31,21:25:14,night,5,21,2,Sunday,0,0,20:28:00,90,58,Neuenkirchen,9013906,Bremen Gustav-Heinemann-Bürgerhaus,26,1,1,117,117
2024-03-31,21:25:14,night,5,21,2,Sunday,0,0,20:28:00,90,58,Neuenkirchen,9013882,Bremen Fährer Kämpe,29,1,1,192,192
2024-03-31,21:25:14,night,5,21,2,Sunday,0,0,20:28:00,90,58,Neuenkirchen,9014049,Bremen Löhstraße,31,1,1,234,234
2024-03-31,21:25:14,night,5,21,2,Sunday,0,0,20:28:00,90,58,Neuenkirchen,9013764,Bremen Bf Klinikum Bremen-Nord,32,1,1,190,190
2024-03-31,21:25:14,night,5,21,2,Sunday,0,0,20:28:00,90,58,Neuenkirchen,9013735,Bremen Bahnhof Blumenthal,33,1,1,114,148
2024-03-31,21:25:14,night,5,21,2,Sunday,0,0,20:28:00,90,58,Neuenkirchen,9014315,Bremen-Blumenthal Markt,34,1,1,181,181
2024-03-31,21:25:14,night,5,21,2,Sunday,0,0,20:28:00,90,58,Neuenkirchen,9014308,Bremen Zum Donaufleet,35,1,1,207,207
2024-03-31,21:25:14,night,5,21,2,Sunday,0,0,20:28:00,90,58,Neuenkirchen,9013880,Bremen Fähre Blumenthal,36,1,1,237,237
2024-03-31,21:25:14,night,5,21,2,Sunday,0,0,20:28:00,90,58,Neuenkirchen,9013916,Bremen Hanfstraße,40,1,1,207,207
2024-03-31,21:25:14,night,5,21,2,Sunday,0,0,20:28:00,90,58,Neuenkirchen,9013709,Bremen An der Amtsweide,41,1,1,237,237
2024-03-31,21:25:14,night,5,21,2,Sunday,0,0,20:28:00,90,58,Neuenkirchen,9014275,Bremen Wasserweg,42,1,1,207,207
2024-03-31,21:25:14,night,5,21,2,Sunday,0,0,20:28:00,90,58,Neuenkirchen,9013881,Bremen Fähre Farge,43,1,1,237,237
2024-03-31,21:25:14,night,5,21,2,Sunday,0,0,20:28:00,90,58,Neuenkirchen,9013958,Bremen Hohenesch,48,1,1,207,207
2024-03-31,21:25:14,night,5,21,2,Sunday,0,0,20:28:00,90,58,Neuenkirchen,9014140,Bremen Rekumer Siel,49,1,1,237,237
2024-03-31,21:25:14,night,5,21,2,Sunday,0,0,20:28:00,90,58,Neuenkirchen,9014166,Bremen Sandkuhlenweg,51,1,1,207,207
2024-03-31,21:25:14,night,5,21,2,Sunday,0,0,20:28:00,90,58,Neuenkirchen,9014079,Bremen Moorstücke,52,1,1,237,237
2024-03-31,21:25:14,night,5,21,2,Sunday,0,0,20:28:00,90,58,Neuenkirchen,9065563,Neuenkirchen(Schwanewede) Marktplatz,54,1,1,207,207
2024-03-31,21:25:14,night,5,21,2,Sunday,0,0,20:28:00,90,58,Neuenkirchen,9065559,Neuenkirchen(Schwanewede) Ahnten,55,1,1,237,237
2024-03-31,21:25:14,night,5,21,2,Sunday,0,0,20:58:00,90,58,Neuenkirchen,9013905,Bremen Gröpelingen,0,0,0,0,0
2024-03-31,21:25:14,night,5,21,2,Sunday,0,0,20:58:00,90,58,Neuenkirchen,9013816,Bremen DIAKO Bremen,2,0,0,17,17
2024-03-31,21:25:14,night,5,21,2,Sunday,0,0,20:58:00,90,58,Neuenkirchen,9013685,Bremen Am Fuchsberg,3,0,0,47,47
2024-03-31,21:25:14,night,5,21,2,Sunday,0,0,20:58:00,90,58,Neuenkirchen,9013829,Bremen Dohlenstraße,5,1,1,86,86
2024-03-31,21:25:14,night,5,21,2,Sunday,0,0,20:58:00,90,58,Neuenkirchen,9013687,Bremen Am Geestkamp,8,0,0,53,53
2024-03-31,21:25:14,night,5,21,2,Sunday,0,0,20:58:00,90,58,Neuenkirchen,9013736,Bremen-Burg(Bus),11,0,0,8,0
2024-03-31,21:25:14,night,5,21,2,Sunday,0,0,20:58:00,90,58,Neuenkirchen,9013795,Bremen Burgdammer Postweg,14,0,0,33,33
2024-03-31,21:25:14,night,5,21,2,Sunday,0,0,20:58:00,90,58,Neuenkirchen,9013692,Bremen Am Heidbergstift,15,0,0,26,26
2024-03-31,21:25:14,night,5,21,2,Sunday,0,0,20:58:00,90,58,Neuenkirchen,9014310,Bremen Zum Kränholm,18,0,0,38,38
2024-03-31,21:25:14,night,5,21,2,Sunday,0,0,20:58:00,90,58,Neuenkirchen,9013966,Bremen Holthorster Weg,19,1,1,68,68
2024-03-31,21:25:14,night,5,21,2,Sunday,0,0,20:58:00,90,58,Neuenkirchen,9013747,Bremen Bahnhof Vegesack,24,1,0,68,38
2024-03-31,21:25:14,night,5,21,2,Sunday,0,0,20:58:00,90,58,Neuenkirchen,9013735,Bremen Bahnhof Blumenthal,33,0,0,38,0
2024-03-31,21:25:14,night,5,21,2,Sunday,0,0,20:58:00,90,58,Neuenkirchen,9014308,Bremen Zum Donaufleet,35,0,0,-30,-30
2024-03-31,21:25:14,night,5,21,2,Sunday,0,0,20:58:00,90,58,Neuenkirchen,9013880,Bremen Fähre Blumenthal,36,0,0,0,0
2024-03-31,21:25:14,night,5,21,2,Sunday,0,0,20:58:00,90,58,Neuenkirchen,9013916,Bremen Hanfstraße,40,0,0,-30,-30
2024-03-31,21:25:14,night,5,21,2,Sunday,0,0,20:58:00,90,58,Neuenkirchen,9013709,Bremen An der Amtsweide,41,0,0,0,0
2024-03-31,21:25:14,night,5,21,2,Sunday,0,0,20:58:00,90,58,Neuenkirchen,9014275,Bremen Wasserweg,42,0,0,-30,-30
2024-03-31,21:25:14,night,5,21,2,Sunday,0,0,20:58:00,90,58,Neuenkirchen,9013881,Bremen Fähre Farge,43,0,0,0,0
2024-03-31,21:25:14,night,5,21,2,Sunday,0,0,20:58:00,90,58,Neuenkirchen,9013958,Bremen Hohenesch,48,0,0,-30,-30
2024-03-31,21:25:14,night,5,21,2,Sunday,0,0,20:58:00,90,58,Neuenkirchen,9014140,Bremen Rekumer Siel,49,0,0,0,0
2024-03-31,21:25:14,night,5,21,2,Sunday,0,0,20:58:00,90,58,Neuenkirchen,9014166,Bremen Sandkuhlenweg,51,0,0,-30,-30
2024-03-31,21:25:14,night,5,21,2,Sunday,0,0,20:58:00,90,58,Neuenkirchen,9014079,Bremen Moorstücke,52,0,0,0,0
2024-03-31,21:25:14,night,5,21,2,Sunday,0,0,20:58:00,90,58,Neuenkirchen,9065563,Neuenkirchen(Schwanewede) Marktplatz,54,0,0,-30,-30
2024-03-31,21:25:14,night,5,21,2,Sunday,0,0,20:58:00,90,58,Neuenkirchen,9065559,Neuenkirchen(Schwanewede) Ahnten,55,0,0,0,0
2024-03-31,21:25:14,night,5,21,2,Sunday,0,0,20:53:00,90,58,Gröpelingen,9065560,,0,0,0,0,0
2024-03-31,21:25:14,night,5,21,2,Sunday,0,0,20:53:00,90,58,Gröpelingen,9065568,Neuenkirchen(Schwanewede) Vorbruch,1,0,0,-30,-30
2024-03-31,21:25:14,night,5,21,2,Sunday,0,0,20:53:00,90,58,Gröpelingen,9065559,Neuenkirchen(Schwanewede) Ahnten,2,0,0,0,0
2024-03-31,21:25:14,night,5,21,2,Sunday,0,0,20:53:00,90,58,Gröpelingen,9065562,Neuenkirchen(Schwanewede) Landwehr,4,0,0,-40,0
2024-03-31,21:25:14,night,5,21,2,Sunday,0,0,20:53:00,90,58,Gröpelingen,9014079,Bremen Moorstücke,5,0,0,-23,-23
2024-03-31,21:25:14,night,5,21,2,Sunday,0,0,20:53:00,90,58,Gröpelingen,9014166,Bremen Sandkuhlenweg,6,0,0,7,7
2024-03-31,21:25:14,night,5,21,2,Sunday,0,0,20:53:00,90,58,Gröpelingen,9014260,Bremen Vor den Wischen,7,0,0,-23,-23
2024-03-31,21:25:14,night,5,21,2,Sunday,0,0,20:53:00,90,58,Gröpelingen,9014140,Bremen Rekumer Siel,8,0,0,40,40
2024-03-31,21:25:14,night,5,21,2,Sunday,0,0,20:53:00,90,58,Gröpelingen,9013819,Bremen De Kreienbarg,10,0,0,45,45
2024-03-31,21:25:14,night,5,21,2,Sunday,0,0,20:53:00,90,58,Gröpelingen,9014291,Bremen Wilhelm-Brandhorst-Straße,11,1,1,75,75
2024-03-31,21:25:14,night,5,21,2,Sunday,0,0,20:53:00,90,58,Gröpelingen,9013737,Bremen Bahnhof Farge,12,0,0,45,45
2024-03-31,21:25:14,night,5,21,2,Sunday,0,0,20:53:00,90,58,Gröpelingen,9013763,Bremen Betonstraße,13,1,1,62,97
2024-03-31,21:25:14,night,5,21,2,Sunday,0,0,20:53:00,90,58,Gröpelingen,9013881,Bremen Fähre Farge,14,1,1,93,93
2024-03-31,21:25:14,night,5,21,2,Sunday,0,0,20:53:00,90,58,Gröpelingen,9014275,Bremen Wasserweg,15,1,1,123,123
2024-03-31,21:25:14,night,5,21,2,Sunday,0,0,20:53:00,90,58,Gröpelingen,9013916,Bremen Hanfstraße,17,1,1,145,145
2024-03-31,21:25:14,night,5,21,2,Sunday,0,0,20:53:00,90,58,Gröpelingen,9013797,Bremen Buschdeel,18,1,1,171,171
2024-03-31,21:25:14,night,5,21,2,Sunday,0,0,20:53:00,90,58,Gröpelingen,9013824,Bremen Dillener Park,19,1,1,133,133
2024-03-31,21:25:14,night,5,21,2,Sunday,0,0,20:53:00,90,58,Gröpelingen,9013880,Bremen Fähre Blumenthal,21,1,1,170,170
2024-03-31,21:25:14,night,5,21,2,Sunday,0,0,20:53:00,90,58,Gröpelingen,9013735,Bremen Bahnhof Blumenthal,24,1,1,61,95
2024-03-31,21:25:14,night,5,21,2,Sunday,0,0,20:53:00,90,58,Gröpelingen,9013882,Bremen Fährer Kämpe,28,1,1,127,127
2024-03-31,21:25:14,night,5,21,2,Sunday,0,0,20:53:00,90,58,Gröpelingen,9013734,Bremen Bahnhof Aumund,29,1,1,123,123
2024-03-31,21:25:14,night,5,21,2,Sunday,0,0,20:53:00,90,58,Gröpelingen,9013747,Bremen Bahnhof Vegesack,33,1,1,123,93
2024-03-31,21:25:14,night,5,21,2,Sunday,0,0,20:23:00,90,58,Gröpelingen,9065560,,0,0,0,0,55
2024-03-31,21:25:14,night,5,21,2,Sunday,0,0,20:23:00,90,58,Gröpelingen,9065568,Neuenkirchen(Schwanewede) Vorbruch,1,1,1,86,86
2024-03-31,21:25:14,night,5,21,2,Sunday,0,0,20:23:00,90,58,Gröpelingen,9065559,Neuenkirchen(Schwanewede) Ahnten,2,1,1,116,116
2024-03-31,21:25:14,night,5,21,2,Sunday,0,0,20:23:00,90,58,Gröpelingen,9065562,Neuenkirchen(Schwanewede) Landwehr,4,1,1,79,79
2024-03-31,21:25:14,night,5,21,2,Sunday,0,0,20:23:00,90,58,Gröpelingen,9014079,Bremen Moorstücke,5,1,1,93,93
2024-03-31,21:25:14,night,5,21,2,Sunday,0,0,20:23:00,90,58,Gröpelingen,9014166,Bremen Sandkuhlenweg,6,1,1,123,123
2024-03-31,21:25:14,night,5,21,2,Sunday,0,0,20:23:00,90,58,Gröpelingen,9014260,Bremen Vor den Wischen,7,1,1,124,124
2024-03-31,21:25:14,night,5,21,2,Sunday,0,0,20:23:00,90,58,Gröpelingen,9014140,Bremen Rekumer Siel,8,1,1,154,154
2024-03-31,21:25:14,night,5,21,2,Sunday,0,0,20:23:00,90,58,Gröpelingen,9013958,Bremen Hohenesch,9,1,1,191,191
2024-03-31,21:25:14,night,5,21,2,Sunday,0,0,20:23:00,90,58,Gröpelingen,9013819,Bremen De Kreienbarg,10,1,1,207,207
2024-03-31,21:25:14,night,5,21,2,Sunday,0,0,20:23:00,90,58,Gröpelingen,9014291,Bremen Wilhelm-Brandhorst-Straße,11,1,1,237,237
2024-03-31,21:25:14,night,5,21,2,Sunday,0,0,20:23:00,90,58,Gröpelingen,9013737,Bremen Bahnhof Farge,12,1,1,192,192
2024-03-31,21:25:14,night,5,21,2,Sunday,0,0,20:23:00,90,58,Gröpelingen,9013763,Bremen Betonstraße,13,1,1,214,244
2024-03-31,21:25:14,night,5,21,2,Sunday,0,0,20:23:00,90,58,Gröpelingen,9013916,Bremen Hanfstraße,17,1,1,259,259
2024-03-31,21:25:14,night,5,21,2,Sunday,0,0,20:23:00,90,58,Gröpelingen,9013797,Bremen Buschdeel,18,1,1,289,289
2024-03-31,21:25:14,night,5,21,2,Sunday,0,0,20:23:00,90,58,Gröpelingen,9013824,Bremen Dillener Park,19,1,1,251,251
2024-03-31,21:25:14,night,5,21,2,Sunday,0,0,20:23:00,90,58,Gröpelingen,9013880,Bremen Fähre Blumenthal,21,1,1,284,284
2024-03-31,21:25:14,night,5,21,2,Sunday,0,0,20:23:00,90,58,Gröpelingen,9013735,Bremen Bahnhof Blumenthal,24,1,1,254,164
2024-03-31,21:25:14,night,5,21,2,Sunday,0,0,20:23:00,90,58,Gröpelingen,9013731,Bremen Aumunder Heide,30,1,1,168,168
2024-03-31,21:25:14,night,5,21,2,Sunday,0,0,20:23:00,90,58,Gröpelingen,9013906,Bremen Gustav-Heinemann-Bürgerhaus,31,1,1,137,137
2024-03-31,21:25:14,night,5,21,2,Sunday,0,0,20:23:00,90,58,Gröpelingen,9013747,Bremen Bahnhof Vegesack,33,1,1,137,107
2024-03-31,21:25:14,night,5,21,2,Sunday,0,0,21:11:00,27E,11,Brinkum-Nord / IKEA-Marktkauf,9013971,Bremen Huckelriede,0,0,0,0,0
2024-03-31,21:25:14,night,5,21,2,Sunday,0,0,21:11:00,27E,11,Brinkum-Nord / IKEA-Marktkauf,9013720,Bremen Arsterdamm,1,0,0,42,42
2024-03-31,21:25:14,night,5,21,2,Sunday,0,0,21:11:00,27E,11,Brinkum-Nord / IKEA-Marktkauf,9014019,Bremen Krimpelweg,2,0,0,-8,0
2024-03-31,21:25:14,night,5,21,2,Sunday,0,0,21:11:00,27E,11,Brinkum-Nord / IKEA-Marktkauf,9013672,Bremen Alfred-Faust-Straße,6,0,0,48,48
2024-03-31,21:25:14,night,5,21,2,Sunday,0,0,21:11:00,27E,11,Brinkum-Nord / IKEA-Marktkauf,9013998,Bremen Kattenescher Weg,8,1,1,77,77
2024-03-31,21:25:14,night,5,21,2,Sunday,0,0,21:11:00,27E,11,Brinkum-Nord / IKEA-Marktkauf,9014992,Brinkum-Nord Ochtum Park (IKEA),9,0,0,46,46
2024-03-31,21:25:14,night,5,21,2,Sunday,0,0,21:11:00,27E,11,Brinkum-Nord / IKEA-Marktkauf,9014988,Brinkum(Stuhr) IKEA/Marktkauf,10,0,0,-35,0
2024-03-31,21:25:14,night,5,21,2,Sunday,0,0,21:10:00,27E,11,Huckelriede,9014988,Brinkum(Stuhr) IKEA/Marktkauf,0,0,0,0,0
2024-03-31,21:25:14,night,5,21,2,Sunday,0,0,21:21:00,58,15,Bremen Roland-Center,9014155,Bremen Roland-Center,0,0,1,0,199
2024-03-31,21:25:14,night,5,21,2,Sunday,0,0,21:14:00,55,21,Kirchhuchting,9017513,Brinkum(Stuhr) Marktplatz,0,0,0,0,0
2024-03-31,21:25:14,night,5,21,2,Sunday,0,0,21:14:00,55,21,Kirchhuchting,9014995,Brinkum(Stuhr) Schule Feldstraße,1,0,0,-30,-30
2024-03-31,21:25:14,night,5,21,2,Sunday,0,0,21:14:00,55,21,Kirchhuchting,9014981,Brinkum(Stuhr) Am Bahnhof,2,0,0,47,47
2024-03-31,21:25:14,night,5,21,2,Sunday,0,0,21:14:00,55,21,Kirchhuchting,9088647,,5,1,1,88,88
2024-03-31,21:25:14,night,5,21,2,Sunday,0,0,21:18:00,1,44,Huchting,9013765,Bremen Bf Mahndorf,0,0,0,0,0
2024-03-31,21:25:14,night,5,21,2,Sunday,0,0,20:58:00,1,44,Huchting,9013765,Bremen Bf Mahndorf,0,0,0,0,0
2024-03-31,21:25:14,night,5,21,2,Sunday,0,0,20:58:00,1,44,Huchting,9014282,Bremen Weserpark,3,0,0,-32,0
2024-03-31,21:25:14,night,5,21,2,Sunday,0,0,20:58:00,1,44,Huchting,9013850,Bremen Engadiner Straße,8,0,0,51,51
2024-03-31,21:25:14,night,5,21,2,Sunday,0,0,20:58:00,1,44,Huchting,9014179,Bremen Schweizer Eck,9,0,0,3,3
2024-03-31,21:25:14,night,5,21,2,Sunday,0,0,20:58:00,1,44,Huchting,9013900,Bremen Graubündener Straße,10,0,0,33,33
2024-03-31,21:25:14,night,5,21,2,Sunday,0,0,20:58:00,1,44,Huchting,9013845,Bremen Ellenerbrokstraße,11,0,0,23,23
2024-03-31,21:25:14,night,5,21,2,Sunday,0,0,20:58:00,1,44,Huchting,9014114,Bremen Osterholzer Landstraße,12,0,1,49,80
2024-03-31,21:25:14,night,5,21,2,Sunday,0,0,20:58:00,1,44,Huchting,9013925,Bremen Hauptbahnhof,32,1,0,80,0
2024-03-31,21:25:14,night,5,21,2,Sunday,0,0,20:42:00,1,44,Bf Mahndorf,9014155,Bremen Roland-Center,0,0,1,0,164
2024-03-31,21:25:14,night,5,21,2,Sunday,0,0,20:42:00,1,44,Bf Mahndorf,9014197,Bremen Solinger Straße,3,1,1,212,212
2024-03-31,21:25:14,night,5,21,2,Sunday,0,0,20:42:00,1,44,Bf Mahndorf,9013954,Bremen Hochschule Bremen,7,1,1,251,251
2024-03-31,21:25:14,night,5,21,2,Sunday,0,0,20:42:00,1,44,Bf Mahndorf,9013925,Bremen Hauptbahnhof,11,1,1,247,190
2024-03-31,21:25:14,night,5,21,2,Sunday,0,0,20:42:00,1,44,Bf Mahndorf,9014141,Bremen Rembertistraße,12,1,1,1363,1363
2024-03-31,21:25:14,night,5,21,2,Sunday,0,0,20:42:00,1,44,Bf Mahndorf,9013806,Bremen Carl-Goerdeler-Straße,25,1,1,1333,1333
2024-03-31,21:25:14,night,5,21,2,Sunday,0,0,20:42:00,1,44,Bf Mahndorf,9013823,Bremen Dietrich-Bonhoeffer-Straße,26,1,1,1363,1363
2024-03-31,21:25:14,night,5,21,2,Sunday,0,0,20:38:00,1,44,Huchting,9013765,Bremen Bf Mahndorf,0,0,0,0,0
2024-03-31,21:25:14,night,5,21,2,Sunday,0,0,20:38:00,1,44,Huchting,9014231,Bremen Tenever-Zentrum,6,0,0,35,35
2024-03-31,21:25:14,night,5,21,2,Sunday,0,0,20:38:00,1,44,Huchting,9014179,Bremen Schweizer Eck,9,0,0,-7,0
2024-03-31,21:25:14,night,5,21,2,Sunday,0,0,20:38:00,1,44,Huchting,9013845,Bremen Ellenerbrokstraße,11,0,0,38,38
2024-03-31,21:25:14,night,5,21,2,Sunday,0,0,20:38:00,1,44,Huchting,9014024,Bremen Kurt-Huber-Straße,16,0,0,5,5
2024-03-31,21:25:14,night,5,21,2,Sunday,0,0,20:38:00,1,44,Huchting,9014133,Bremen Polizeipräsidium,21,0,0,36,36
2024-03-31,21:25:14,night,5,21,2,Sunday,0,0,20:38:00,1,44,Huchting,9013989,Bremen Julius-Brecht-Allee,22,0,0,3,34
2024-03-31,21:25:14,night,5,21,2,Sunday,0,0,20:38:00,1,44,Huchting,9014023,Bremen Kurfürstenallee,24,1,1,75,75
2024-03-31,21:25:14,night,5,21,2,Sunday,0,0,20:38:00,1,44,Huchting,9014001,Bremen Kirchbachstraße,25,1,1,150,150
2024-03-31,21:25:14,night,5,21,2,Sunday,0,0,20:38:00,1,44,Huchting,9014072,Bremen Metzer Straße,26,1,1,187,187
2024-03-31,21:25:14,night,5,21,2,Sunday,0,0,20:38:00,1,44,Huchting,9014200,Bremen St. Joseph-Stift,27,1,1,217,217
2024-03-31,21:25:14,night,5,21,2,Sunday,0,0,20:38:00,1,44,Huchting,9013925,Bremen Hauptbahnhof,32,1,1,217,67
2024-03-31,21:25:14,night,5,21,2,Sunday,0,0,21:02:00,1,44,Bf Mahndorf,9014155,Bremen Roland-Center,0,0,0,0,0
2024-03-31,21:25:14,night,5,21,2,Sunday,0,0,21:02:00,1,44,Bf Mahndorf,9013679,Bremen Am Brill (Bgm.-Smidt-Straße),9,0,0,-37,0
2024-03-31,21:25:14,night,5,21,2,Sunday,0,0,21:02:00,1,44,Bf Mahndorf,9013925,Bremen Hauptbahnhof,11,1,1,338,188
2024-03-31,21:25:14,night,5,21,2,Sunday,0,0,21:02:00,1,44,Bf Mahndorf,9013806,Bremen Carl-Goerdeler-Straße,25,1,1,158,158
2024-03-31,21:25:14,night,5,21,2,Sunday,0,0,21:02:00,1,44,Bf Mahndorf,9013823,Bremen Dietrich-Bonhoeffer-Straße,26,1,1,188,188
2024-03-31,21:25:14,night,5,21,2,Sunday,0,0,21:22:00,1,44,Bf Mahndorf,9014155,Bremen Roland-Center,0,0,0,0,0
2024-03-31,21:25:14,night,5,21,2,Sunday,0,0,21:22:00,1,44,Bf Mahndorf,9013806,Bremen Carl-Goerdeler-Straße,25,0,0,-30,-30
2024-03-31,21:25:14,night,5,21,2,Sunday,0,0,21:22:00,1,44,Bf Mahndorf,9013823,Bremen Dietrich-Bonhoeffer-Straße,26,0,0,0,0
2024-03-31,21:25:14,night,5,21,2,Sunday,0,0,21:06:00,40,17,Bf Mahndorf / 39 Weserpark-Süd,9014285,Bremen Weserwehr,0,0,1,0,80
2024-03-31,21:25:14,night,5,21,2,Sunday,0,0,21:06:00,40,17,Bf Mahndorf / 39 Weserpark-Süd,9013884,Bremen Föhrenstraße,1,1,1,161,161
2024-03-31,21:25:14,night,5,21,2,Sunday,0,0,21:15:00,3,29,Gröpelingen,9014285,Bremen Weserwehr,0,0,0,0,0
2024-03-31,21:25:14,night,5,21,2,Sunday,0,0,21:15:00,3,29,Gröpelingen,9013890,Bremen Georg-Bitter-Straße,2,0,0,30,30
2024-03-31,21:25:14,night,5,21,2,Sunday,0,0,21:15:00,3,29,Gröpelingen,9014206,Bremen Stader Straße/Hamburger Straße,3,1,1,65,65
2024-03-31,21:25:14,night,5,21,2,Sunday,0,0,20:55:00,3,29,Gröpelingen,9014285,Bremen Weserwehr,0,0,0,0,0
2024-03-31,21:25:14,night,5,21,2,Sunday,0,0,20:55:00,3,29,Gröpelingen,9013890,Bremen Georg-Bitter-Straße,2,0,0,39,39
2024-03-31,21:25:14,night,5,21,2,Sunday,0,0,20:55:00,3,29,Gröpelingen,9014206,Bremen Stader Straße/Hamburger Straße,3,1,1,73,73
2024-03-31,21:25:14,night,5,21,2,Sunday,0,0,20:55:00,3,29,Gröpelingen,9014201,Bremen St.-Jürgen-Straße,6,0,0,7,7
2024-03-31,21:25:14,night,5,21,2,Sunday,0,0,20:55:00,3,29,Gröpelingen,9014193,Bremen Sielwall,8,0,0,41,41
2024-03-31,21:25:14,night,5,21,2,Sunday,0,0,20:55:00,3,29,Gröpelingen,9013830,Bremen Domsheide,11,0,0,4,4
2024-03-31,21:25:14,night,5,21,2,Sunday,0,0,20:55:00,3,29,Gröpelingen,9014103,Bremen Obernstraße,12,0,1,46,107
2024-03-31,21:25:14,night,5,21,2,Sunday,0,0,20:55:00,3,29,Gröpelingen,9014135,Bremen Radio Bremen/VHS,14,1,1,94,94
2024-03-31,21:25:14,night,5,21,2,Sunday,0,0,20:55:00,3,29,Gröpelingen,9013839,Bremen Eduard-Schopf-Allee,15,1,1,88,88
2024-03-31,21:25:14,night,5,21,2,Sunday,0,0,21:08:00,3,29,Weserwehr,9013905,Bremen Gröpelingen,0,0,0,0,0
2024-03-31,21:25:14,night,5,21,2,Sunday,0,0,21:08:00,3,29,Weserwehr,9013991,Bremen Kap-Horn-Straße,1,0,0,-37,0
2024-03-31,21:25:14,night,5,21,2,Sunday,0,0,21:08:00,3,29,Weserwehr,9014249,Bremen Waterfront (Use Akschen),2,0,0,-29,0
2024-03-31,21:25:14,night,5,21,2,Sunday,0,0,21:08:00,3,29,Weserwehr,9013899,Bremen Grasberger Straße,4,0,0,-32,0
2024-03-31,21:25:14,night,5,21,2,Sunday,0,0,21:08:00,3,29,Weserwehr,9013984,Bremen Jadestraße,5,0,0,-32,0
2024-03-31,21:25:14,night,5,21,2,Sunday,0,0,21:08:00,3,29,Weserwehr,9013846,Bremen Emder Straße,6,0,0,-42,0
2024-03-31,21:25:14,night,5,21,2,Sunday,0,0,21:08:00,3,29,Weserwehr,9014267,Bremen Waller Ring,7,0,0,-43,0
2024-03-31,21:25:14,night,5,21,2,Sunday,0,0,21:08:00,3,29,Weserwehr,9013844,Bremen Elisabethstraße,8,0,0,-38,0
2024-03-31,21:25:14,night,5,21,2,Sunday,0,0,21:08:00,3,29,Weserwehr,9013902,Bremen Grenzstraße,9,0,0,-36,0
2024-03-31,21:25:14,night,5,21,2,Sunday,0,0,21:08:00,3,29,Weserwehr,9013918,Bremen Hansator,10,0,0,-47,0
2024-03-31,21:25:14,night,5,21,2,Sunday,0,0,21:08:00,3,29,Weserwehr,9014013,Bremen Konsul-Smidt-Straße,11,0,0,-58,0
2024-03-31,21:25:14,night,5,21,2,Sunday,0,0,21:08:00,3,29,Weserwehr,9013856,Bremen Europahafen,12,0,0,-52,0
2024-03-31,21:25:14,night,5,21,2,Sunday,0,0,21:08:00,3,29,Weserwehr,9013839,Bremen Eduard-Schopf-Allee,13,0,0,-59,0
2024-03-31,21:25:14,night,5,21,2,Sunday,0,0,21:08:00,3,29,Weserwehr,9014135,Bremen Radio Bremen/VHS,14,0,0,-30,0
2024-03-31,21:25:14,night,5,21,2,Sunday,0,0,21:08:00,3,29,Weserwehr,9013680,Bremen Am Brill (Hutfilter-/Obernstraße),15,0,0,-76,0
2024-03-31,21:25:14,night,5,21,2,Sunday,0,0,20:48:00,3,29,Weserwehr,9013905,Bremen Gröpelingen,0,0,0,0,0
2024-03-31,21:25:14,night,5,21,2,Sunday,0,0,20:48:00,3,29,Weserwehr,9014249,Bremen Waterfront (Use Akschen),2,0,0,33,33
2024-03-31,21:25:14,night,5,21,2,Sunday,0,0,20:48:00,3,29,Weserwehr,9014135,Bremen Radio Bremen/VHS,14,1,1,65,65
2024-03-31,21:25:14,night,5,21,2,Sunday,0,0,20:48:00,3,29,Weserwehr,9013680,Bremen Am Brill (Hutfilter-/Obernstraße),15,0,0,2,2
2024-03-31,21:25:14,night,5,21,2,Sunday,0,0,20:48:00,3,29,Weserwehr,9013830,Bremen Domsheide,17,0,0,2,0
2024-03-31,21:25:14,night,5,21,2,Sunday,0,0,20:48:00,3,29,Weserwehr,9014234,Bremen Theater am Goetheplatz,18,0,0,1,1
2024-03-31,21:25:14,night,5,21,2,Sunday,0,0,20:41:00,2,29,Gröpelingen,9014184,Bremen Sebaldsbrück (Bus+Tram),0,0,0,0,0
2024-03-31,21:25:14,night,5,21,2,Sunday,0,0,20:41:00,2,29,Gröpelingen,9014171,Bremen Schloßparkstraße,1,0,0,34,34
2024-03-31,21:25:14,night,5,21,2,Sunday,0,0,20:41:00,2,29,Gröpelingen,9014238,Bremen Trinidadstraße,2,0,0,27,27
2024-03-31,21:25:14,night,5,21,2,Sunday,0,0,20:41:00,2,29,Gröpelingen,9013884,Bremen Föhrenstraße,4,1,1,62,62
2024-03-31,21:25:14,night,5,21,2,Sunday,0,0,20:41:00,2,29,Gröpelingen,9014046,Bremen Ludwig-Quidde-Straße,6,1,1,102,102
2024-03-31,21:25:14,night,5,21,2,Sunday,0,0,20:41:00,2,29,Gröpelingen,9013754,Bremen Bei den Drei Pfählen,8,1,1,137,137
2024-03-31,21:25:14,night,5,21,2,Sunday,0,0,20:41:00,2,29,Gröpelingen,9014201,Bremen St.-Jürgen-Straße,10,1,1,107,137
2024-03-31,21:25:14,night,5,21,2,Sunday,0,0,20:41:00,2,29,Gröpelingen,9014304,Bremen Ulrichsplatz,13,1,1,168,168
2024-03-31,21:25:14,night,5,21,2,Sunday,0,0,20:41:00,2,29,Gröpelingen,9014234,Bremen Theater am Goetheplatz,14,1,1,163,163
2024-03-31,21:25:14,night,5,21,2,Sunday,0,0,20:41:00,2,29,Gröpelingen,9014103,Bremen Obernstraße,16,1,1,203,203
2024-03-31,21:25:14,night,5,21,2,Sunday,0,0,20:41:00,2,29,Gröpelingen,9013680,Bremen Am Brill (Hutfilter-/Obernstraße),17,1,1,218,247
2024-03-31,21:25:14,night,5,21,2,Sunday,0,0,20:41:00,2,29,Gröpelingen,9014135,Bremen Radio Bremen/VHS,18,1,1,212,212
2024-03-31,21:25:14,night,5,21,2,Sunday,0,0,20:41:00,2,29,Gröpelingen,9013832,Bremen Doventor,19,1,1,256,256
2024-03-31,21:25:14,night,5,21,2,Sunday,0,0,20:41:00,2,29,Gröpelingen,9013912,Bremen Haferkamp,21,1,1,293,293
2024-03-31,21:25:14,night,5,21,2,Sunday,0,0,20:54:00,2,29,Sebaldsbrück,9013905,Bremen Gröpelingen,0,0,0,0,0
2024-03-31,21:25:14,night,5,21,2,Sunday,0,0,20:54:00,2,29,Sebaldsbrück,9014038,Bremen Lindenhofstraße,1,0,1,37,99
2024-03-31,21:25:14,night,5,21,2,Sunday,0,0,20:54:00,2,29,Sebaldsbrück,9014266,Bremen Waller Friedhof,4,1,1,100,131
2024-03-31,21:25:14,night,5,21,2,Sunday,0,0,20:54:00,2,29,Sebaldsbrück,9013830,Bremen Domsheide,17,1,1,131,101
2024-03-31,21:25:14,night,5,21,2,Sunday,0,0,21:21:00,2,29,Gröpelingen,9014184,Bremen Sebaldsbrück (Bus+Tram),0,0,0,0,0
2024-03-31,21:25:14,night,5,21,2,Sunday,0,0,21:01:00,2,29,Gröpelingen,9014184,Bremen Sebaldsbrück (Bus+Tram),0,0,0,0,0
2024-03-31,21:25:14,night,5,21,2,Sunday,0,0,21:01:00,2,29,Gröpelingen,9013744,Bremen Bahnhof Sebaldsbrück,3,0,0,34,34
2024-03-31,21:25:14,night,5,21,2,Sunday,0,0,21:01:00,2,29,Gröpelingen,9013884,Bremen Föhrenstraße,4,1,1,101,101
2024-03-31,21:25:14,night,5,21,2,Sunday,0,0,21:14:00,2,29,Sebaldsbrück,9013905,Bremen Gröpelingen,0,0,0,0,0
2024-03-31,21:25:14,night,5,21,2,Sunday,0,0,21:14:00,2,29,Sebaldsbrück,9014078,Bremen Moorstraße,2,0,0,29,29
2024-03-31,21:25:14,night,5,21,2,Sunday,0,0,21:14:00,2,29,Sebaldsbrück,9014268,Bremen Waller Straße,5,1,1,78,78
2024-03-31,21:25:14,night,5,21,2,Sunday,0,0,21:14:00,2,29,Sebaldsbrück,9013830,Bremen Domsheide,17,1,0,78,48
2024-03-31,21:25:14,night,5,21,2,Sunday,0,0,21:21:00,27,34,Weidedamm-Nord,9013925,Bremen Hauptbahnhof,0,0,0,0,0
2024-03-31,21:25:14,night,5,21,2,Sunday,0,0,21:21:00,27,34,Weidedamm-Nord,9014161,Bremen Rudolf-Alexander-Schröder-Straße,9,0,0,-30,-30
2024-03-31,21:25:14,night,5,21,2,Sunday,0,0,21:21:00,27,34,Weidedamm-Nord,9014277,Bremen Weidedamm-Nord,10,0,0,0,0
2024-03-31,21:25:14,night,5,21,2,Sunday,0,0,20:59:00,33,25,Horn / 31 Nedderland,9014184,Bremen Sebaldsbrück (Bus+Tram),0,0,0,0,0
2024-03-31,21:25:14,night,5,21,2,Sunday,0,0,20:59:00,33,25,Horn / 31 Nedderland,9013691,Bremen Am Hallacker,7,0,0,-30,-30
2024-03-31,21:25:14,night,5,21,2,Sunday,0,0,20:59:00,33,25,Horn / 31 Nedderland,9014114,Bremen Osterholzer Landstraße,8,0,0,0,0
2024-03-31,21:25:14,night,5,21,2,Sunday,0,0,21:07:00,33,25,Sebaldsbrück,9013969,Bremen Horn (Horner Kirche),0,0,0,0,0
2024-03-31,21:25:14,night,5,21,2,Sunday,0,0,21:07:00,33,25,Sebaldsbrück,9014263,Bremen Vorstraße,1,0,0,33,33
2024-03-31,21:25:14,night,5,21,2,Sunday,0,0,21:07:00,33,25,Sebaldsbrück,9013970,Bremen Horner Mühle,2,0,0,-27,0
2024-03-31,21:25:14,night,5,21,2,Sunday,0,0,21:07:00,33,25,Sebaldsbrück,9014296,Bremen Wilhelm-Röntgen-Straße,3,0,0,3,3
2024-03-31,21:25:14,night,5,21,2,Sunday,0,0,21:07:00,33,25,Sebaldsbrück,9013713,Bremen Apfelallee,5,0,0,-41,0
2024-03-31,21:25:14,night,5,21,2,Sunday,0,0,21:07:00,33,25,Sebaldsbrück,9013708,Bremen An den Wühren,6,0,0,-41,0
2024-03-31,21:25:14,night,5,21,2,Sunday,0,0,21:07:00,33,25,Sebaldsbrück,9014102,Bremen Oberneulander Heerstraße,7,0,0,-66,-43
2024-03-31,21:25:14,night,5,21,2,Sunday,0,0,21:07:00,33,25,Sebaldsbrück,9013992,Bremen Kapitän-König-Weg,8,0,0,-73,-30
2024-03-31,21:25:14,night,5,21,2,Sunday,0,0,21:07:00,33,25,Sebaldsbrück,9013980,Bremen Im Holze,9,0,0,3,3
2024-03-31,21:25:14,night,5,21,2,Sunday,0,0,20:50:00,4,49,Arsten,9055728,Lilienthal,0,0,0,0,0
2024-03-31,21:25:14,night,5,21,2,Sunday,0,0,20:50:00,4,49,Arsten,9055729,Lilienthal Auf dem Kamp,2,0,0,12,12
2024-03-31,21:25:14,night,5,21,2,Sunday,0,0,20:50:00,4,49,Arsten,9013773,Bremen Borgfeld,10,0,0,23,23
2024-03-31,21:25:14,night,5,21,2,Sunday,0,0,20:50:00,4,49,Arsten,9013974,Bremen Höger Weg,13,0,0,53,53
2024-03-31,21:25:14,night,5,21,2,Sunday,0,0,20:50:00,4,49,Arsten,9014128,Bremen Peter-Henlein-Straße,14,0,0,23,23
2024-03-31,21:25:14,night,5,21,2,Sunday,0,0,20:50:00,4,49,Arsten,9014014,Bremen Kopernikusstraße,15,0,0,25,25
2024-03-31,21:25:14,night,5,21,2,Sunday,0,0,20:50:00,4,49,Arsten,9014280,Bremen Werner-von-Siemens-Straße,16,1,1,64,64
2024-03-31,21:25:14,night,5,21,2,Sunday,0,0,20:50:00,4,49,Arsten,9013969,Bremen Horn (Horner Kirche),19,1,1,62,62
2024-03-31,21:25:14,night,5,21,2,Sunday,0,0,20:50:00,4,49,Arsten,9013803,Bremen Bürgermeister-Spitta-Allee,20,1,1,71,71
2024-03-31,21:25:14,night,5,21,2,Sunday,0,0,20:50:00,4,49,Arsten,9014001,Bremen Kirchbachstraße,23,0,1,53,144
2024-03-31,21:25:14,night,5,21,2,Sunday,0,0,20:50:00,4,49,Arsten,9013925,Bremen Hauptbahnhof,30,1,0,144,0
2024-03-31,21:25:14,night,5,21,2,Sunday,0,0,20:50:00,4,49,Arsten,9013943,Bremen Herdentor,31,0,0,-30,-30
2024-03-31,21:25:14,night,5,21,2,Sunday,0,0,20:50:00,4,49,Arsten,9014183,Bremen Schüsselkorb,32,0,0,0,0
2024-03-31,21:25:14,night,5,21,2,Sunday,0,0,20:50:00,4,49,Arsten,9014241,Bremen Twiedelftsweg,47,0,0,-30,-30
2024-03-31,21:25:14,night,5,21,2,Sunday,0,0,20:50:00,4,49,Arsten,9013716,Bremen Arsten,48,0,0,0,0
2024-03-31,21:25:14,night,5,21,2,Sunday,0,0,20:25:00,4,49,Lilienthal,9013716,Bremen Arsten,0,0,0,0,0
2024-03-31,21:25:14,night,5,21,2,Sunday,0,0,20:25:00,4,49,Lilienthal,9014241,Bremen Twiedelftsweg,1,0,0,32,32
2024-03-31,21:25:14,night,5,21,2,Sunday,0,0,20:25:00,4,49,Lilienthal,9013951,Bremen Heukämpendamm,2,0,0,25,25
2024-03-31,21:25:14,night,5,21,2,Sunday,0,0,20:25:00,4,49,Lilienthal,9013999,Bremen Kattenturm-Mitte,3,0,0,58,58
2024-03-31,21:25:14,night,5,21,2,Sunday,0,0,20:25:00,4,49,Lilienthal,9014009,Bremen Klinikum Links der Weser,4,1,1,82,82
2024-03-31,21:25:14,night,5,21,2,Sunday,0,0,20:25:00,4,49,Lilienthal,9014192,Bremen Sielhof,6,0,0,53,53
2024-03-31,21:25:14,night,5,21,2,Sunday,0,0,20:25:00,4,49,Lilienthal,9013971,Bremen Huckelriede,7,0,0,20,20
2024-03-31,21:25:14,night,5,21,2,Sunday,0,0,20:25:00,4,49,Lilienthal,9013682,Bremen Am Dammacker,8,0,0,30,30
2024-03-31,21:25:14,night,5,21,2,Sunday,0,0,20:25:00,4,49,Lilienthal,9014157,Bremen Rosenpfad,9,1,1,69,69
2024-03-31,21:25:14,night,5,21,2,Sunday,0,0,20:25:00,4,49,Lilienthal,9014177,Bremen Schwankhalle,11,1,1,99,99
2024-03-31,21:25:14,night,5,21,2,Sunday,0,0,20:25:00,4,49,Lilienthal,9013830,Bremen Domsheide,15,1,1,84,114
2024-03-31,21:25:14,night,5,21,2,Sunday,0,0,20:25:00,4,49,Lilienthal,9014183,Bremen Schüsselkorb,16,1,1,146,176
2024-03-31,21:25:14,night,5,21,2,Sunday,0,0,20:25:00,4,49,Lilienthal,9013925,Bremen Hauptbahnhof,18,1,1,178,90
2024-03-31,21:25:14,night,5,21,2,Sunday,0,0,20:25:00,4,49,Lilienthal,9014124,Bremen Parkstraße,21,1,1,135,135
2024-03-31,21:25:14,night,5,21,2,Sunday,0,0,20:25:00,4,49,Lilienthal,9013964,Bremen Hollerallee,22,1,1,177,177
2024-03-31,21:25:14,night,5,21,2,Sunday,0,0,20:25:00,4,49,Lilienthal,9013873,Bremen Friedhofstraße,26,1,1,142,142
2024-03-31,21:25:14,night,5,21,2,Sunday,0,0,20:25:00,4,49,Lilienthal,9013969,Bremen Horn (Horner Kirche),29,1,1,137,137
2024-03-31,21:25:14,night,5,21,2,Sunday,0,0,20:25:00,4,49,Lilienthal,9014263,Bremen Vorstraße,30,1,1,165,165
2024-03-31,21:25:14,night,5,21,2,Sunday,0,0,20:25:00,4,49,Lilienthal,9013970,Bremen Horner Mühle,31,1,1,100,100
2024-03-31,21:25:14,night,5,21,2,Sunday,0,0,20:25:00,4,49,Lilienthal,9014014,Bremen Kopernikusstraße,33,1,1,135,135
2024-03-31,21:25:14,night,5,21,2,Sunday,0,0,20:25:00,4,49,Lilienthal,9013773,Bremen Borgfeld,38,1,1,93,93
2024-03-31,21:25:14,night,5,21,2,Sunday,0,0,20:25:00,4,49,Lilienthal,9014239,Lilienthal Truperdeich,39,1,1,174,174
2024-03-31,21:25:14,night,5,21,2,Sunday,0,0,20:45:00,4,49,Lilienthal,9013716,Bremen Arsten,0,0,0,0,0
2024-03-31,21:25:14,night,5,21,2,Sunday,0,0,20:45:00,4,49,Lilienthal,9014241,Bremen Twiedelftsweg,1,0,0,-32,0
2024-03-31,21:25:14,night,5,21,2,Sunday,0,0,20:45:00,4,49,Lilienthal,9013951,Bremen Heukämpendamm,2,0,0,-31,0
2024-03-31,21:25:14,night,5,21,2,Sunday,0,0,20:45:00,4,49,Lilienthal,9013971,Bremen Huckelriede,7,0,0,-44,0
2024-03-31,21:25:14,night,5,21,2,Sunday,0,0,20:45:00,4,49,Lilienthal,9013682,Bremen Am Dammacker,8,0,0,-27,0
2024-03-31,21:25:14,night,5,21,2,Sunday,0,0,20:45:00,4,49,Lilienthal,9014157,Bremen Rosenpfad,9,0,0,-29,0
2024-03-31,21:25:14,night,5,21,2,Sunday,0,0,20:45:00,4,49,Lilienthal,9014003,Bremen Kirchweg,10,0,0,7,7
2024-03-31,21:25:14,night,5,21,2,Sunday,0,0,20:45:00,4,49,Lilienthal,9013943,Bremen Herdentor,17,0,0,51,51
2024-03-31,21:25:14,night,5,21,2,Sunday,0,0,20:45:00,4,49,Lilienthal,9013925,Bremen Hauptbahnhof,18,0,1,40,137
2024-03-31,21:25:14,night,5,21,2,Sunday,0,0,20:45:00,4,49,Lilienthal,9014141,Bremen Rembertistraße,19,1,1,778,778
2024-03-31,21:25:14,night,5,21,2,Sunday,0,0,21:05:00,4,49,Lilienthal,9014294,Bremen Wilhelm-Kaisen-Brücke,14,1,0,105,0
2024-03-31,21:25:14,night,5,21,2,Sunday,0,0,21:05:00,4,49,Lilienthal,9013830,Bremen Domsheide,15,1,1,131,131
2024-03-31,21:25:14,night,5,21,2,Sunday,0,0,21:05:00,4,49,Lilienthal,9013925,Bremen Hauptbahnhof,18,1,0,131,0
2024-03-31,21:25:14,night,5,21,2,Sunday,0,0,21:25:00,4,49,Lilienthal,9013716,Bremen Arsten,0,0,0,0,0
2024-03-31,21:25:14,night,5,21,2,Sunday,0,0,20:30:00,4,49,Arsten,9055728,Lilienthal,0,0,0,0,48
2024-03-31,21:25:14,night,5,21,2,Sunday,0,0,20:30:00,4,49,Arsten,9055729,Lilienthal Auf dem Kamp,2,1,1,85,85
2024-03-31,21:25:14,night,5,21,2,Sunday,0,0,20:30:00,4,49,Arsten,9055743,Lilienthal Schoofmoor,3,0,0,51,51
2024-03-31,21:25:14,night,5,21,2,Sunday,0,0,20:30:00,4,49,Arsten,9055740,Lilienthal Lilienthal-Mitte,6,1,1,87,87
2024-03-31,21:25:14,night,5,21,2,Sunday,0,0,20:30:00,4,49,Arsten,9055746,Lilienthal Trupe,8,1,1,116,116
2024-03-31,21:25:14,night,5,21,2,Sunday,0,0,20:30:00,4,49,Arsten,9014239,Lilienthal Truperdeich,9,1,1,109,109
2024-03-31,21:25:14,night,5,21,2,Sunday,0,0,20:30:00,4,49,Arsten,9013773,Bremen Borgfeld,10,1,1,138,138
2024-03-31,21:25:14,night,5,21,2,Sunday,0,0,20:30:00,4,49,Arsten,9013974,Bremen Höger Weg,13,1,1,185,185
2024-03-31,21:25:14,night,5,21,2,Sunday,0,0,20:30:00,4,49,Arsten,9014263,Bremen Vorstraße,18,1,1,217,217
2024-03-31,21:25:14,night,5,21,2,Sunday,0,0,20:30:00,4,49,Arsten,9013969,Bremen Horn (Horner Kirche),19,1,1,188,188
2024-03-31,21:25:14,night,5,21,2,Sunday,0,0,20:30:00,4,49,Arsten,9014001,Bremen Kirchbachstraße,23,1,1,219,219
2024-03-31,21:25:14,night,5,21,2,Sunday,0,0,20:30:00,4,49,Arsten,9014124,Bremen Parkstraße,27,1,1,251,251
2024-03-31,21:25:14,night,5,21,2,Sunday,0,0,20:30:00,4,49,Arsten,9014141,Bremen Rembertistraße,29,1,1,282,282
2024-03-31,21:25:14,night,5,21,2,Sunday,0,0,20:30:00,4,49,Arsten,9013925,Bremen Hauptbahnhof,30,1,1,277,127
2024-03-31,21:25:14,night,5,21,2,Sunday,0,0,20:30:00,4,49,Arsten,9013943,Bremen Herdentor,31,1,1,207,207
2024-03-31,21:25:14,night,5,21,2,Sunday,0,0,20:30:00,4,49,Arsten,9014183,Bremen Schüsselkorb,32,1,1,237,237
2024-03-31,21:25:14,night,5,21,2,Sunday,0,0,20:30:00,4,49,Arsten,9013830,Bremen Domsheide,33,1,1,197,197
2024-03-31,21:25:14,night,5,21,2,Sunday,0,0,20:30:00,4,49,Arsten,9014235,Bremen Theater am Leibnizplatz,35,1,1,164,164
2024-03-31,21:25:14,night,5,21,2,Sunday,0,0,20:30:00,4,49,Arsten,9014241,Bremen Twiedelftsweg,47,1,1,134,134
2024-03-31,21:25:14,night,5,21,2,Sunday,0,0,20:30:00,4,49,Arsten,9013716,Bremen Arsten,48,1,0,164,0
2024-03-31,21:25:14,night,5,21,2,Sunday,0,0,21:10:00,4,49,Arsten,9055728,Lilienthal,0,0,0,0,0
2024-03-31,21:25:14,night,5,21,2,Sunday,0,0,21:10:00,4,49,Arsten,9055729,Lilienthal Auf dem Kamp,2,0,0,47,47
2024-03-31,21:25:14,night,5,21,2,Sunday,0,0,21:10:00,4,49,Arsten,9055740,Lilienthal Lilienthal-Mitte,6,1,1,81,81
2024-03-31,21:25:14,night,5,21,2,Sunday,0,0,21:10:00,4,49,Arsten,9055734,Lilienthal Feldhäuser Straße,7,1,1,73,73
2024-03-31,21:25:14,night,5,21,2,Sunday,0,0,21:10:00,4,49,Arsten,9013925,Bremen Hauptbahnhof,30,1,0,73,0
2024-03-31,21:25:14,night,5,21,2,Sunday,0,0,21:10:00,4,49,Arsten,9013943,Bremen Herdentor,31,0,0,-30,-30
2024-03-31,21:25:14,night,5,21,2,Sunday,0,0,21:10:00,4,49,Arsten,9014183,Bremen Schüsselkorb,32,0,0,0,0
2024-03-31,21:25:14,night,5,21,2,Sunday,0,0,21:10:00,4,49,Arsten,9014241,Bremen Twiedelftsweg,47,0,0,-30,-30
2024-03-31,21:25:14,night,5,21,2,Sunday,0,0,21:10:00,4,49,Arsten,9013716,Bremen Arsten,48,0,0,0,0
2024-03-31,21:25:14,night,5,21,2,Sunday,0,0,21:23:00,6,25,Flughafen,9014243,Bremen Universität-Nord,0,0,0,0,0
2024-03-31,21:25:14,night,5,21,2,Sunday,0,0,21:23:00,6,25,Flughafen,9013943,Bremen Herdentor,14,0,0,-30,-30
2024-03-31,21:25:14,night,5,21,2,Sunday,0,0,21:23:00,6,25,Flughafen,9014183,Bremen Schüsselkorb,15,0,0,0,0
2024-03-31,21:25:14,night,5,21,2,Sunday,0,0,21:03:00,6,25,Universität,9013864,Bremen Flughafen-Süd,0,0,0,0,0
2024-03-31,21:25:14,night,5,21,2,Sunday,0,0,21:03:00,6,25,Universität,9014092,Bremen Neuenlander Kämpe,2,0,0,32,32
2024-03-31,21:25:14,night,5,21,2,Sunday,0,0,21:03:00,6,25,Universität,9013733,Bremen BSAG-Zentrum,3,1,1,67,67
2024-03-31,21:25:14,night,5,21,2,Sunday,0,0,21:03:00,6,25,Universität,9013888,Bremen Gastfeldstraße,5,1,1,102,102
2024-03-31,21:25:14,night,5,21,2,Sunday,0,0,21:03:00,6,25,Universität,9014235,Bremen Theater am Leibnizplatz,6,1,1,64,64
2024-03-31,21:25:14,night,5,21,2,Sunday,0,0,21:03:00,6,25,Universität,9014183,Bremen Schüsselkorb,9,1,1,93,93
2024-03-31,21:25:14,night,5,21,2,Sunday,0,0,21:03:00,6,25,Universität,9013943,Bremen Herdentor,10,1,1,132,132
2024-03-31,21:25:14,night,5,21,2,Sunday,0,0,21:03:00,6,25,Universität,9013925,Bremen Hauptbahnhof,11,1,0,132,0
2024-03-31,21:25:14,night,5,21,2,Sunday,0,0,21:03:00,6,25,Flughafen,9014243,Bremen Universität-Nord,0,0,0,0,0
2024-03-31,21:25:14,night,5,21,2,Sunday,0,0,21:03:00,6,25,Flughafen,9014040,Bremen Lise-Meitner-Straße,3,0,0,42,42
2024-03-31,21:25:14,night,5,21,2,Sunday,0,0,21:03:00,6,25,Flughafen,9014148,Bremen Riensberg,5,1,1,77,77
2024-03-31,21:25:14,night,5,21,2,Sunday,0,0,21:03:00,6,25,Flughafen,9013909,Bremen H.-H.-Meier-Allee,8,0,1,46,77
2024-03-31,21:25:14,night,5,21,2,Sunday,0,0,21:03:00,6,25,Flughafen,9013768,Bremen Hauptbahnhof-Nord/Messe,12,1,1,113,113
2024-03-31,21:25:14,night,5,21,2,Sunday,0,0,21:03:00,6,25,Flughafen,9013925,Bremen Hauptbahnhof,13,1,1,97,131
2024-03-31,21:25:14,night,5,21,2,Sunday,0,0,21:03:00,6,25,Flughafen,9013943,Bremen Herdentor,14,1,1,196,196
2024-03-31,21:25:14,night,5,21,2,Sunday,0,0,21:03:00,6,25,Flughafen,9014183,Bremen Schüsselkorb,15,1,1,226,226
2024-03-31,21:25:14,night,5,21,2,Sunday,0,0,21:23:00,6,25,Universität,9013864,Bremen Flughafen-Süd,0,0,0,0,0
2024-03-31,21:25:14,night,5,21,2,Sunday,0,0,21:07:00,42,18,Gewerbepark Hansalinie,9014285,Bremen Weserwehr,0,0,0,0,0
2024-03-31,21:25:14,night,5,21,2,Sunday,0,0,21:07:00,42,18,Gewerbepark Hansalinie,9013884,Bremen Föhrenstraße,1,1,1,92,92
2024-03-31,21:25:14,night,5,21,2,Sunday,0,0,21:07:00,42,18,Gewerbepark Hansalinie,9013917,Bremen Hannoversche Straße,2,1,1,104,104
2024-03-31,21:25:14,night,5,21,2,Sunday,0,0,21:07:00,42,18,Gewerbepark Hansalinie,9014170,Bremen Schlengstraße,7,1,1,68,68
2024-03-31,21:25:14,night,5,21,2,Sunday,0,0,21:07:00,42,18,Gewerbepark Hansalinie,9013714,Bremen Arberger Hafendamm,8,0,0,24,24
2024-03-31,21:25:14,night,5,21,2,Sunday,0,0,21:07:00,42,18,Gewerbepark Hansalinie,9103705,Bremen Fuldahafen,9,0,0,-6,-6
2024-03-31,21:25:14,night,5,21,2,Sunday,0,0,21:07:00,42,18,Gewerbepark Hansalinie,9014004,Bremen Kleine Marschstraße,10,0,0,24,24
2024-03-31,21:25:14,night,5,21,2,Sunday,0,0,21:07:00,42,18,Gewerbepark Hansalinie,9014269,Bremen Walther-Jacobs-Straße,11,0,0,-13,0
2024-03-31,21:25:14,night,5,21,2,Sunday,0,0,21:07:00,42,18,Gewerbepark Hansalinie,9014047,Bremen Ludwig-von-Kapff-Straße,12,0,0,-40,0
2024-03-31,21:25:14,night,5,21,2,Sunday,0,0,21:07:00,42,18,Gewerbepark Hansalinie,9013855,Bremen Europaallee/Autohof,13,0,0,5,5
2024-03-31,21:25:14,night,5,21,2,Sunday,0,0,21:13:00,98,17,Bf Vegesack,9013771,Bremen Borchsholt,0,0,0,0,0
2024-03-31,21:25:14,night,5,21,2,Sunday,0,0,21:13:00,98,17,Bf Vegesack,9013941,Bremen Herbartstraße,2,0,0,5,5
2024-03-31,21:25:14,night,5,21,2,Sunday,0,0,21:13:00,98,17,Bf Vegesack,9014262,Bremen Vorlöhnhorster Weg,3,1,1,60,60
2024-03-31,21:25:14,night,5,21,2,Sunday,0,0,21:13:00,98,17,Bf Vegesack,9013828,Bremen Dobbheide,4,0,0,55,25
2024-03-31,21:25:14,night,5,21,2,Sunday,0,0,21:24:00,63,23,GVZ / Ludwig-Erhard-Str.,9013925,Bremen Hauptbahnhof,0,0,0,0,0
2024-03-31,21:25:14,night,5,21,2,Sunday,0,0,21:24:00,63,23,GVZ / Ludwig-Erhard-Str.,9014256,Bremen Visbeker Straße,9,0,0,-30,-30
2024-03-31,21:25:14,night,5,21,2,Sunday,0,0,21:24:00,63,23,GVZ / Ludwig-Erhard-Str.,9014139,Bremen Reedeich-Nord,10,0,0,0,0
2024-03-31,21:25:14,night,5,21,2,Sunday,0,0,21:24:00,63,23,GVZ / Ludwig-Erhard-Str.,9014096,Bremen Neustädter Hafen,12,0,0,-30,-30
2024-03-31,21:25:14,night,5,21,2,Sunday,0,0,21:24:00,63,23,GVZ / Ludwig-Erhard-Str.,9013892,Bremen Georg-Henschel-Straße,13,0,0,0,0
