Bremen,2024-02-28,01:05:26,0.36,93,broken clouds,0.51,,
Bremen,2024-02-28,01:10:55,0.36,93,broken clouds,0.51,,
Bremen,2024-02-28,01:20:57,0.27,94,mist,1.54,,
Bremen,2024-02-28,01:40:18,-0.22,96,mist,1.03,,
Bremen,2024-02-28,01:42:00,0.25,94,mist,1.03,,
Bremen,2024-02-28,02:23:51,0.13,94,scattered clouds,0.51,,
Bremen,2024-02-28,02:32:47,-0.18,94,mist,1.03,,
Bremen,2024-02-28,02:50:09,0.21,94,mist,1.03,,
Bremen,2024-02-28,02:51:18,0.21,94,mist,1.03,,
Bremen,2024-02-28,02:54:43,0.21,94,mist,1.03,,
Bremen,2024-02-28,03:00:11,0.6,94,mist,1.03,,
Bremen,2024-02-28,04:01:01,0.79,94,mist,1.54,,
Bremen,2024-02-28,05:01:53,0.25,96,mist,1.54,,
Bremen,2024-02-28,06:01:53,0.19,96,mist,1.54,,
Bremen,2024-02-29,13:47:55,11.75,68,broken clouds,6.69,,
Bremen,2024-02-29,14:49:08,11.84,68,scattered clouds,7.2,,
Bremen,2024-02-29,15:49:09,11,69,clear sky,5.66,,
Bremen,2024-02-29,16:49:09,10.45,73,clear sky,4.63,,
Bremen,2024-02-29,17:49:23,9.76,73,clear sky,4.12,,
Bremen,2024-02-29,18:49:23,9.4,78,few clouds,4.63,,
Bremen,2024-02-29,23:59:36,5.8,85,clear sky,3.6,,
Bremen,2024-03-01,00:59:36,5.86,83,clear sky,3.6,,
Bremen,2024-03-01,01:59:36,5.02,85,clear sky,3.09,,
Bremen,2024-03-01,02:59:36,4.14,86,few clouds,3.6,,
Bremen,2024-03-01,04:00:31,3.86,89,few clouds,3.09,,
Bremen,2024-03-01,05:00:31,3.49,89,few clouds,3.6,,
Bremen,2024-03-01,06:00:32,4.32,87,broken clouds,2.57,,
Bremen,2024-03-01,16:25:05,10.1,82,few clouds,5.66,,
Bremen,2024-03-01,16:36:14,9.81,84,few clouds,3.6,,
Bremen,2024-03-01,17:36:15,8.91,82,clear sky,3.6,,
Bremen,2024-03-01,18:36:15,8.9,82,clear sky,2.57,,
Bremen,2024-03-01,19:36:15,8.78,80,clear sky,4.12,,
Bremen,2024-03-01,20:36:16,8.33,84,clear sky,4.12,,
Bremen,2024-03-01,21:36:16,7.74,84,clear sky,3.6,,
Bremen,2024-03-01,22:36:16,7.41,85,clear sky,2.57,,
Bremen,2024-03-01,23:36:16,6.95,83,clear sky,3.09,,
Bremen,2024-03-02,00:36:17,6.46,84,clear sky,3.09,,
Bremen,2024-03-02,01:37:00,6.06,88,clear sky,3.09,,
Bremen,2024-03-02,02:37:01,5.79,84,clear sky,4.12,,
Bremen,2024-03-02,03:37:01,5.67,84,clear sky,4.12,,
Bremen,2024-03-02,04:37:02,5.85,85,clear sky,5.14,,
Bremen,2024-03-02,05:37:02,5.71,84,clear sky,3.6,,
Bremen,2024-03-02,06:37:09,5.6,84,clear sky,3.6,,
Bremen,2024-03-02,07:37:09,5.72,84,clear sky,3.09,,
Bremen,2024-03-02,08:37:09,6.46,88,clear sky,3.09,,
Bremen,2024-03-02,09:37:10,8.26,85,clear sky,3.6,,
Bremen,2024-03-02,10:37:10,11.14,77,clear sky,5.14,,
Bremen,2024-03-02,11:38:12,12.81,73,clear sky,4.12,,
Bremen,2024-03-02,12:38:13,12.99,62,clear sky,4.63,,
Bremen,2024-03-02,13:38:13,13.29,71,clear sky,4.12,,
Bremen,2024-03-02,14:38:13,13.02,72,clear sky,4.63,,
Bremen,2024-03-02,15:38:13,13.35,70,clear sky,5.14,,
Bremen,2024-03-02,16:39:26,12.51,75,clear sky,4.63,,
Bremen,2024-03-02,17:39:26,11.11,78,clear sky,4.12,,
Bremen,2024-03-02,18:39:27,10.87,69,clear sky,3.6,,
Bremen,2024-03-02,19:39:27,10.62,70,clear sky,3.6,,
Bremen,2024-03-02,20:39:27,9.74,73,clear sky,3.6,,
Bremen,2024-03-02,21:39:28,9.03,78,clear sky,3.09,,
Bremen,2024-03-02,22:39:28,8.69,82,clear sky,4.12,,
Bremen,2024-03-02,23:40:16,8.51,83,clear sky,3.6,,
Bremen,2024-03-03,00:40:16,7.74,83,clear sky,4.63,,
Bremen,2024-03-03,01:40:16,7.41,85,clear sky,3.6,,
Bremen,2024-03-03,02:40:17,6.74,88,clear sky,4.12,,
Bremen,2024-03-03,03:40:17,6.58,88,clear sky,3.6,,
Bremen,2024-03-03,04:40:17,5.96,89,clear sky,2.57,,
Bremen,2024-03-03,05:40:18,4.54,94,overcast clouds,3.09,,
Bremen,2024-03-03,06:40:18,5.3,92,overcast clouds,4.63,,
Bremen,2024-03-03,07:40:18,6.07,92,broken clouds,4.63,,
Bremen,2024-03-03,08:40:18,7.52,87,clear sky,3.6,,
Bremen,2024-03-03,09:40:19,10.61,81,clear sky,4.12,,
Bremen,2024-03-03,10:40:19,12.06,80,clear sky,4.63,,
Bremen,2024-03-03,11:40:19,13.13,77,clear sky,4.63,,
Bremen,2024-03-03,12:40:20,13.36,76,clear sky,4.12,,
Bremen,2024-03-03,13:40:20,13.48,75,clear sky,5.14,,
Bremen,2024-03-03,14:40:20,13.05,76,scattered clouds,4.12,,
Bremen,2024-03-03,15:40:21,13.57,74,clear sky,4.12,,
Bremen,2024-03-03,16:40:21,13.08,77,broken clouds,4.12,,
Bremen,2024-03-03,17:40:21,10.19,84,clear sky,3.6,,
Bremen,2024-03-03,18:40:22,9.39,87,clear sky,2.57,,
Bremen,2024-03-03,19:40:22,9.45,80,clear sky,3.6,,
Bremen,2024-03-03,20:41:01,9,82,clear sky,2.57,,
Bremen,2024-03-03,21:42:01,8.11,87,clear sky,3.6,,
Bremen,2024-03-03,22:43:01,7.1,91,few clouds,3.09,,
Bremen,2024-03-03,23:44:02,6.89,94,few clouds,3.09,,
Bremen,2024-03-04,00:46:04,6.67,94,scattered clouds,3.09,,
Bremen,2024-03-04,01:48:14,6.33,95,mist,2.06,,
Bremen,2024-03-04,02:50:57,5.86,97,mist,2.57,,
Bremen,2024-03-04,03:52:59,5.6,95,mist,2.06,,
Bremen,2024-03-04,04:54:38,5.46,98,fog,2.06,,
Bremen,2024-03-04,05:55:38,5.98,98,fog,1.54,,
Bremen,2024-03-04,06:57:11,5.85,99,mist,1.03,,
Bremen,2024-03-04,07:58:11,7.04,98,mist,2.06,,
Bremen,2024-03-04,08:59:11,8.11,96,mist,2.57,,
Bremen,2024-03-04,10:00:12,9.16,92,mist,2.06,,
Bremen,2024-03-04,11:01:12,10.63,86,mist,1.03,,
Bremen,2024-03-04,12:02:12,10.98,88,broken clouds,2.06,,
Bremen,2024-03-04,13:03:13,10.86,83,overcast clouds,3.6,,
Bremen,2024-03-04,14:04:13,11.12,82,broken clouds,2.06,,
Bremen,2024-03-04,15:05:14,10.79,88,few clouds,1.54,,
Bremen,2024-03-04,16:06:14,10.69,88,overcast clouds,2.06,,
Bremen,2024-03-04,17:07:14,9.83,92,overcast clouds,1.03,,
Bremen,2024-03-04,18:09:10,9.75,92,broken clouds,2.06,,
Bremen,2024-03-05,13:09:36,5.86,85,light rain,4.63,,
Bremen,2024-03-05,23:56:02,3.79,80,overcast clouds,4.63,,
Bremen,2024-03-06,00:56:02,3.8,80,overcast clouds,5.14,,
Bremen,2024-03-06,01:56:03,3.8,83,overcast clouds,4.12,,
Bremen,2024-03-06,02:56:03,3.28,87,overcast clouds,4.12,,
Bremen,2024-03-06,03:56:03,3.19,87,overcast clouds,4.63,,
Bremen,2024-03-06,04:56:04,3.05,88,overcast clouds,4.12,,
Bremen,2024-03-06,05:56:04,2.63,88,overcast clouds,4.63,,
Bremen,2024-03-06,06:56:04,2.79,89,overcast clouds,5.14,,
Bremen,2024-03-06,07:56:05,2.99,88,overcast clouds,5.14,,
Bremen,2024-03-06,08:56:05,3.51,90,overcast clouds,4.63,,
Bremen,2024-03-06,09:56:06,4.88,84,overcast clouds,3.09,,
Bremen,2024-03-06,10:56:18,6.74,80,overcast clouds,3.09,,
Bremen,2024-03-06,11:56:18,7.33,78,overcast clouds,4.63,,
Bremen,2024-03-06,12:56:18,8.91,72,broken clouds,5.14,,
Bremen,2024-03-06,13:56:18,8.91,75,few clouds,4.12,,
Bremen,2024-03-06,14:56:19,8.91,75,overcast clouds,3.09,,
Bremen,2024-03-06,15:56:19,9.14,72,overcast clouds,2.57,,
Bremen,2024-03-06,16:56:19,8.38,78,broken clouds,1.03,,
Bremen,2024-03-06,17:56:20,7.41,72,few clouds,0.51,,
Bremen,2024-03-06,18:56:20,5.58,84,clear sky,3.09,,
Bremen,2024-03-06,19:57:12,4.71,83,clear sky,3.6,,
Bremen,2024-03-06,20:57:12,3.75,86,clear sky,3.09,,
Bremen,2024-03-06,21:57:13,2.74,86,clear sky,4.12,,
Bremen,2024-03-06,22:57:13,2.38,87,broken clouds,4.12,,
Bremen,2024-03-07,23:05:54,1.75,87,clear sky,4.12,,
Bremen,2024-03-08,00:05:54,1.45,84,clear sky,4.63,,
Bremen,2024-03-08,01:05:54,0.74,86,clear sky,4.12,,
Bremen,2024-03-08,02:05:55,0.93,82,clear sky,4.12,,
Bremen,2024-03-08,03:05:55,0,89,clear sky,4.12,,
Bremen,2024-03-08,04:05:55,-0.25,88,clear sky,3.6,,
Bremen,2024-03-08,05:05:55,-0.34,90,clear sky,4.63,,
Bremen,2024-03-08,06:05:56,-0.81,93,clear sky,4.12,,
Bremen,2024-03-08,07:05:56,0.18,86,clear sky,5.14,,
Bremen,2024-03-08,08:05:57,1.35,81,clear sky,5.66,,
Bremen,2024-03-08,09:05:57,2.82,76,clear sky,5.66,,
Bremen,2024-03-08,10:05:57,4.48,78,clear sky,6.17,,
Bremen,2024-03-08,11:05:57,6.14,72,clear sky,6.69,,
Bremen,2024-03-08,11:18:00,6.14,71,clear sky,6.69,,
Bremen,2024-03-08,11:25:48,6.58,71,clear sky,6.69,,
Bremen,2024-03-08,11:36:09,7.13,70,clear sky,7.2,,
Bremen,2024-03-08,11:38:55,7.13,70,clear sky,7.2,,
Bremen,2024-03-08,11:44:29,7.13,70,clear sky,7.2,,
Bremen,2024-03-08,12:44:30,7.57,69,clear sky,6.69,,
Bremen,2024-03-08,13:44:30,8.08,63,clear sky,6.69,,
Bremen,2024-03-08,14:44:31,8.45,67,clear sky,6.69,,
Bremen,2024-03-08,15:44:32,8.36,66,clear sky,7.72,,
Bremen,2024-03-08,16:44:32,7.87,59,clear sky,7.2,,
Bremen,2024-03-08,17:44:32,6.75,61,clear sky,7.2,,
Bremen,2024-03-08,18:44:33,5.97,63,clear sky,5.66,,
Bremen,2024-03-08,19:44:33,5.62,64,clear sky,6.17,,
Bremen,2024-03-08,20:44:34,4.85,64,clear sky,5.14,,
Bremen,2024-03-08,21:44:34,4.74,65,clear sky,5.66,,
Bremen,2024-03-08,22:44:34,4.56,65,clear sky,5.14,,
Bremen,2024-03-08,23:45:11,3.89,69,clear sky,4.12,,
Bremen,2024-03-09,00:45:12,3.13,75,clear sky,2.57,,
Bremen,2024-03-09,01:45:12,2.36,79,clear sky,3.09,,
Bremen,2024-03-09,02:45:13,2.13,80,clear sky,4.12,,
Bremen,2024-03-09,03:45:13,1.84,81,clear sky,5.14,,
Bremen,2024-03-09,04:45:14,1.38,86,clear sky,4.63,,
Bremen,2024-03-09,05:45:14,0.97,85,clear sky,4.12,,
Bremen,2024-03-09,06:45:15,1.08,87,clear sky,3.6,,
Bremen,2024-03-09,07:45:15,2.02,82,clear sky,5.14,,
Bremen,2024-03-09,08:46:01,4.07,77,clear sky,5.66,,
Bremen,2024-03-09,09:46:01,5.67,77,clear sky,6.17,,
Bremen,2024-03-09,10:46:02,7.31,74,clear sky,7.72,,
Bremen,2024-03-09,11:46:02,8.6,72,few clouds,8.23,,
Bremen,2024-03-09,12:46:03,9.39,70,broken clouds,8.23,,
Bremen,2024-03-09,13:46:03,8.95,72,scattered clouds,7.2,,
Bremen,2024-03-09,14:46:03,8.89,70,few clouds,5.66,,
Bremen,2024-03-09,15:46:04,8.67,71,few clouds,5.66,,
Bremen,2024-03-09,16:46:04,7.7,73,few clouds,6.17,,
Bremen,2024-03-09,17:46:05,6.65,76,clear sky,4.12,,
Bremen,2024-03-09,18:46:05,5.77,79,clear sky,4.12,,
Bremen,2024-03-09,19:46:05,5.12,81,clear sky,4.12,,
Bremen,2024-03-09,20:46:06,5.11,77,clear sky,4.63,,
Bremen,2024-03-09,21:46:06,4.67,83,clear sky,5.14,,
Bremen,2024-03-09,22:46:07,4.77,78,clear sky,5.14,,
Bremen,2024-03-09,23:46:07,4.21,82,clear sky,5.14,,
Bremen,2024-03-10,00:46:08,3.22,89,clear sky,4.12,,
Bremen,2024-03-10,01:46:08,3.22,89,clear sky,4.63,,
Bremen,2024-03-10,02:46:09,3.17,86,clear sky,4.63,,
Bremen,2024-03-10,03:46:09,3.08,87,clear sky,4.63,,
Bremen,2024-03-10,04:46:10,2.71,91,clear sky,6.17,,
Bremen,2024-03-10,05:46:10,2.66,91,overcast clouds,5.14,,
Bremen,2024-03-10,06:46:11,2.83,91,overcast clouds,5.14,,
Bremen,2024-03-10,07:46:11,4.03,90,clear sky,5.66,,
Bremen,2024-03-10,08:46:12,5.54,88,clear sky,5.66,,
Bremen,2024-03-10,09:46:12,7.1,83,clear sky,5.14,,
Bremen,2024-03-10,10:46:13,8.53,82,clear sky,5.66,,
Bremen,2024-03-10,11:46:13,10.12,77,clear sky,7.72,,
Bremen,2024-03-10,12:46:19,10.96,69,clear sky,7.72,,
Bremen,2024-03-10,13:46:20,10.88,76,clear sky,6.17,,
Bremen,2024-03-10,14:46:20,11.42,75,clear sky,8.75,,
Bremen,2024-03-10,15:46:21,10.8,76,clear sky,6.69,,
Bremen,2024-03-10,16:46:21,10.79,70,clear sky,7.72,,
Bremen,2024-03-10,17:46:22,9.96,73,clear sky,5.66,,
Bremen,2024-03-10,18:46:22,9.18,76,clear sky,4.63,,
Bremen,2024-03-10,19:46:22,8.48,78,few clouds,5.14,,
Bremen,2024-03-10,20:46:23,8.19,77,clear sky,6.17,,
Bremen,2024-03-10,21:47:01,8.11,80,broken clouds,5.66,,
Bremen,2024-03-10,22:47:02,8.09,80,clear sky,4.63,,
Bremen,2024-03-10,23:47:02,7.24,85,overcast clouds,4.12,,
Bremen,2024-03-11,00:47:03,7.32,84,overcast clouds,5.14,,
Bremen,2024-03-11,01:47:03,7.74,78,overcast clouds,6.69,,
Bremen,2024-03-11,02:47:03,7.33,83,overcast clouds,5.66,,
Bremen,2024-03-11,03:47:04,7.52,79,overcast clouds,5.14,,
Bremen,2024-03-11,04:47:05,7.24,80,few clouds,3.6,,
Bremen,2024-03-11,05:47:05,6.65,83,broken clouds,4.12,,
Bremen,2024-03-11,06:47:05,6.53,83,broken clouds,4.63,,
Bremen,2024-03-11,07:47:06,6.81,83,light rain,4.63,,
Bremen,2024-03-11,08:47:06,7.26,85,overcast clouds,4.12,,
Bremen,2024-03-11,09:47:07,8.12,84,overcast clouds,4.12,,
Bremen,2024-03-11,10:47:07,8.65,86,overcast clouds,4.63,,
Bremen,2024-03-11,11:47:08,9.96,84,overcast clouds,5.14,,
Bremen,2024-03-11,12:47:08,10.33,82,broken clouds,4.12,,
Bremen,2024-03-11,13:47:08,10.78,77,overcast clouds,3.6,,
Bremen,2024-03-11,14:47:09,10.67,82,overcast clouds,3.6,,
Bremen,2024-03-11,15:47:09,10.69,76,overcast clouds,3.6,,
Bremen,2024-03-11,16:47:10,10.07,77,overcast clouds,4.63,,
Bremen,2024-03-11,17:47:10,9.83,75,broken clouds,3.6,,
Bremen,2024-03-11,18:47:11,8.91,76,scattered clouds,4.12,,
Bremen,2024-03-11,19:47:11,8.36,83,overcast clouds,2.57,,
Bremen,2024-03-11,20:47:11,8.14,85,broken clouds,1.54,,
Bremen,2024-03-11,21:47:12,8.78,78,overcast clouds,2.57,,
Bremen,2024-03-11,22:47:12,8.68,79,overcast clouds,3.6,,
Bremen,2024-03-11,23:47:12,7.34,86,scattered clouds,3.09,,
Bremen,2024-03-12,00:47:13,6.38,89,scattered clouds,1.54,,
Bremen,2024-03-12,01:47:13,6.52,85,broken clouds,1.54,,
Bremen,2024-03-12,02:47:13,5.55,90,broken clouds,1.54,,
Bremen,2024-03-12,03:47:51,5.76,91,broken clouds,0.51,,
Bremen,2024-03-12,04:47:52,6.11,92,overcast clouds,2.06,,
Bremen,2024-03-12,05:47:52,6.21,92,overcast clouds,2.06,,
Bremen,2024-03-12,06:48:50,6.39,92,overcast clouds,1.03,,
Bremen,2024-03-12,07:48:51,7.3,92,broken clouds,1.54,,
Bremen,2024-03-12,08:48:51,7.43,92,overcast clouds,2.57,,
Bremen,2024-03-12,09:48:52,8.1,92,overcast clouds,1.54,,
Bremen,2024-03-12,10:48:52,9.45,87,broken clouds,3.6,,
Bremen,2024-03-12,11:48:53,9.68,83,broken clouds,3.6,,
Bremen,2024-03-12,12:48:53,10.37,81,broken clouds,3.09,,
Bremen,2024-03-12,13:48:54,9.57,86,broken clouds,5.66,,
Bremen,2024-03-12,14:48:54,9.13,88,overcast clouds,4.63,,
Bremen,2024-03-12,15:48:55,8.6,88,overcast clouds,5.14,,
Bremen,2024-03-12,16:48:55,8.02,89,overcast clouds,3.09,,
Bremen,2024-03-12,17:48:55,8.01,89,overcast clouds,3.6,,
Bremen,2024-03-12,18:48:56,7.91,88,overcast clouds,2.06,,
Bremen,2024-03-12,19:48:56,7.28,93,broken clouds,1.54,,
Bremen,2024-03-12,20:48:56,7.19,93,overcast clouds,2.06,,
Bremen,2024-03-12,21:48:57,7.19,93,overcast clouds,2.06,,
Bremen,2024-03-12,22:48:57,6.26,93,broken clouds,2.57,,
Bremen,2024-03-12,23:48:58,5.03,93,overcast clouds,1.54,,
Bremen,2024-03-13,00:48:58,4.98,92,mist,2.06,,
Bremen,2024-03-13,01:48:58,5.06,92,broken clouds,2.57,,
Bremen,2024-03-13,02:48:59,4.61,90,mist,3.6,,
Bremen,2024-03-13,03:50:00,3.74,93,mist,2.06,,
Bremen,2024-03-13,04:50:01,3.16,93,mist,2.57,,
Bremen,2024-03-13,05:50:01,3.09,93,mist,2.06,,
Bremen,2024-03-13,06:50:01,3.95,94,mist,3.09,,
Bremen,2024-03-13,07:50:02,5.23,93,broken clouds,3.09,,
Bremen,2024-03-13,08:50:02,6.17,93,overcast clouds,3.6,,
Bremen,2024-03-13,09:50:02,8.89,87,overcast clouds,4.63,,
Bremen,2024-03-13,10:50:03,9.76,87,overcast clouds,4.63,,
Bremen,2024-03-13,11:50:03,9.72,88,overcast clouds,4.12,,
Bremen,2024-03-13,12:50:04,9.76,94,mist,3.09,,
Bremen,2024-03-13,13:50:04,10,95,overcast clouds,4.12,,
Bremen,2024-03-13,14:50:04,9.99,97,drizzle,3.09,,
Bremen,2024-03-13,15:50:05,10.69,95,overcast clouds,3.09,,
Bremen,2024-03-13,16:50:05,10.69,95,broken clouds,3.09,,
Bremen,2024-03-13,17:50:05,10.67,98,light intensity drizzle,3.09,,
Bremen,2024-03-13,18:50:06,10.54,96,light intensity drizzle,4.63,,
Bremen,2024-03-13,19:50:06,10.12,94,overcast clouds,2.57,,
Bremen,2024-03-13,20:50:06,9.88,95,overcast clouds,2.57,,
Bremen,2024-03-13,21:50:07,10.2,92,overcast clouds,3.09,,
Bremen,2024-03-13,22:50:07,9.82,94,overcast clouds,2.06,,
Bremen,2024-03-13,23:50:08,9.82,94,overcast clouds,3.09,,
Bremen,2024-03-14,00:50:08,10.21,92,overcast clouds,3.09,,
Bremen,2024-03-14,01:50:09,10.26,90,overcast clouds,3.6,,
Bremen,2024-03-14,02:50:54,10.26,90,overcast clouds,3.6,,
Bremen,2024-03-14,03:50:55,10.42,89,overcast clouds,3.09,,
Bremen,2024-03-14,04:50:55,10.25,89,overcast clouds,3.6,,
Bremen,2024-03-14,05:50:56,10.25,89,overcast clouds,3.6,,
Bremen,2024-03-14,06:50:56,10.63,88,overcast clouds,4.63,,
Bremen,2024-03-14,07:50:56,10.87,88,overcast clouds,4.12,,
Bremen,2024-03-14,08:50:57,12.63,84,scattered clouds,4.12,,
Bremen,2024-03-14,09:50:58,13.21,82,clear sky,5.66,,
Bremen,2024-03-14,10:50:59,14.92,78,clear sky,5.66,,
Bremen,2024-03-14,11:51:46,16.07,74,few clouds,6.17,,
Bremen,2024-03-14,12:51:46,16.35,65,few clouds,7.2,,
Bremen,2024-03-14,13:51:47,16.84,61,few clouds,6.17,,
Bremen,2024-03-14,14:53:08,16.98,68,clear sky,5.66,,
Bremen,2024-03-14,15:53:08,16.69,59,clear sky,4.63,,
Bremen,2024-03-14,16:53:09,14.96,79,clear sky,4.63,,
Bremen,2024-03-14,17:53:16,13.12,83,clear sky,2.06,,
Bremen,2024-03-14,18:53:17,12.83,80,clear sky,3.09,,
Bremen,2024-03-14,19:53:17,12.06,83,clear sky,3.6,,
Bremen,2024-03-14,20:53:18,12.02,82,clear sky,4.12,,
Bremen,2024-03-14,21:53:18,11.75,83,clear sky,3.6,,
Bremen,2024-03-14,22:53:18,11.75,84,clear sky,2.57,,
Bremen,2024-03-14,23:53:19,11.36,86,clear sky,3.09,,
Bremen,2024-03-15,00:53:47,11.76,84,clear sky,2.57,,
Bremen,2024-03-15,01:53:47,10.75,88,clear sky,2.06,,
Bremen,2024-03-15,02:53:47,11.05,87,clear sky,2.57,,
Bremen,2024-04-05,04:10:24,10.76,87,0,3.6,0,4
Bremen,2024-03-15,03:53:48,10.55,89,clear sky,3.09,,
Bremen,2024-03-15,04:53:48,10.92,87,clear sky,2.57,,
Bremen,2024-03-15,10:39:36,13.84,87,broken clouds,7.2,,
Bremen,2024-03-15,11:39:36,14.13,83,broken clouds,7.2,,
Bremen,2024-03-15,12:39:36,13.97,83,broken clouds,6.17,,
Bremen,2024-03-15,13:39:37,15.13,81,scattered clouds,7.2,,
Bremen,2024-03-15,14:39:37,14.51,81,few clouds,8.23,,
Bremen,2024-03-15,15:39:38,13.2,87,few clouds,7.2,,
Bremen,2024-03-15,16:39:38,12.18,88,clear sky,4.63,,
Bremen,2024-03-15,17:39:39,11.61,89,shower rain,3.6,,
Bremen,2024-03-15,18:39:39,10.97,92,light rain,2.06,,
Bremen,2024-03-15,19:39:39,11.11,95,broken clouds,2.57,,
Bremen,2024-03-15,20:39:40,11.57,91,clear sky,4.12,,
Bremen,2024-03-15,21:39:40,10.8,92,clear sky,4.63,,
Bremen,2024-03-15,22:39:41,10.86,89,clear sky,5.14,,
Bremen,2024-03-15,23:39:41,10.88,89,scattered clouds,4.63,,
Bremen,2024-03-16,00:39:41,10.99,89,broken clouds,5.66,,
Bremen,2024-03-16,01:39:42,11.09,88,broken clouds,5.66,,
Bremen,2024-03-16,02:39:42,10.99,88,overcast clouds,6.17,,
Bremen,2024-03-16,03:39:43,10.89,86,light intensity shower rain,5.66,,
Bremen,2024-03-16,04:39:43,9.89,95,overcast clouds,6.17,,
Bremen,2024-03-16,05:39:44,8.4,92,broken clouds,9.77,,
Bremen,2024-03-16,06:39:44,7.19,95,mist,6.69,,
Bremen,2024-03-16,07:39:45,6.57,94,broken clouds,7.2,,
Bremen,2024-03-16,08:39:46,6.85,89,overcast clouds,6.69,,
Bremen,2024-03-16,09:39:46,7.75,84,broken clouds,6.17,,
Bremen,2024-03-16,10:39:47,8.15,83,overcast clouds,6.69,,
Bremen,2024-03-16,11:39:47,9.29,79,broken clouds,7.2,,
Bremen,2024-03-16,12:39:47,9.84,76,broken clouds,5.14,,
Bremen,2024-03-16,13:39:48,9.98,67,scattered clouds,8.23,,
Bremen,2024-03-16,13:41:37,10.64,67,few clouds,6.69,,
Bremen,2024-03-16,13:44:26,10.64,67,few clouds,6.69,,
Bremen,2024-03-16,13:46:05,10.64,67,few clouds,6.69,,
Bremen,2024-03-16,14:46:06,9.74,69,few clouds,6.69,,
Bremen,2024-03-16,15:46:06,9.91,69,few clouds,6.69,,
Bremen,2024-03-16,16:46:07,8.72,70,few clouds,6.17,,
Bremen,2024-03-16,17:46:07,7.73,63,clear sky,5.14,,
Bremen,2024-03-16,18:46:07,5.93,76,clear sky,4.12,,
Bremen,2024-03-16,19:46:08,4.94,81,clear sky,2.57,,
Bremen,2024-03-16,20:46:08,4.18,84,clear sky,1.54,,
Bremen,2024-03-16,21:46:09,3.01,90,clear sky,2.06,,
Bremen,2024-03-16,22:46:09,2.62,93,clear sky,2.57,,
Bremen,2024-03-16,23:46:10,2.35,93,clear sky,2.06,,
Bremen,2024-03-17,00:46:10,2.01,94,clear sky,0.51,,
Bremen,2024-03-17,01:46:11,1.75,96,mist,0.51,,
Bremen,2024-03-17,02:46:11,1.14,97,fog,0.51,,
Bremen,2024-03-17,03:46:12,0.62,97,fog,0.51,,
Bremen,2024-03-17,04:46:12,0.73,97,fog,0.51,,
Bremen,2024-03-17,05:46:47,0.45,97,overcast clouds,1.03,,
Bremen,2024-03-17,06:46:48,1.46,97,overcast clouds,1.03,,
Bremen,2024-03-17,07:46:48,3.24,94,few clouds,1.03,,
Bremen,2024-03-17,08:46:48,5.96,89,few clouds,1.54,,
Bremen,2024-03-17,09:46:49,6.95,85,few clouds,3.6,,
Bremen,2024-03-17,10:46:49,8.73,77,scattered clouds,3.09,,
Bremen,2024-03-17,11:46:50,9.42,73,few clouds,4.12,,
Bremen,2024-03-17,12:46:50,10.07,73,few clouds,3.09,,
Bremen,2024-03-17,13:46:50,10.28,72,few clouds,3.09,,
Bremen,2024-03-17,14:46:51,10.9,70,clear sky,3.6,,
Bremen,2024-03-17,15:46:51,9.96,70,clear sky,4.63,,
Bremen,2024-03-17,16:46:51,9.99,62,clear sky,4.12,,
Bremen,2024-03-17,17:46:52,8.59,72,clear sky,4.12,,
Bremen,2024-04-05,04:11:43,10.76,87,0,3.6,0,4
Bremen,2024-03-17,18:46:52,8.59,66,clear sky,3.6,,
Bremen,2024-03-17,19:46:52,8.13,76,light rain,3.6,,
Bremen,2024-03-17,20:46:53,7.74,76,clear sky,4.63,,
Bremen,2024-03-17,21:47:54,7.48,75,clear sky,5.14,,
Bremen,2024-03-17,22:47:54,6.82,76,light rain,6.17,,
Bremen,2024-03-17,23:47:54,6.48,76,clear sky,6.17,,
Bremen,2024-03-18,00:47:55,5.95,78,clear sky,5.66,,
Bremen,2024-03-18,01:47:55,5.85,76,light rain,6.17,,
Bremen,2024-03-18,02:47:56,5.85,76,light rain,6.17,,
Bremen,2024-03-18,03:47:56,5.68,76,few clouds,5.66,,
Bremen,2024-03-18,04:47:57,5.51,77,clear sky,6.17,,
Bremen,2024-03-18,05:47:57,5.07,79,clear sky,5.66,,
Bremen,2024-03-18,06:47:57,5.12,79,light intensity shower rain,6.17,,
Bremen,2024-03-18,07:47:58,5.38,79,clear sky,4.63,,
Bremen,2024-03-18,08:47:58,5.94,79,light intensity shower rain,5.14,,
Bremen,2024-03-18,09:48:42,6.7,78,light rain,6.17,,
Bremen,2024-03-18,10:48:42,7.21,79,light intensity shower rain,5.66,,
Bremen,2024-03-18,11:03:43,7.35,78,light intensity shower rain,5.66,,
Bremen,2024-03-18,11:05:18,7.35,78,light intensity shower rain,5.66,,
Bremen,2024-03-18,11:11:10,7.3,78,light intensity shower rain,5.66,,
Bremen,2024-03-18,11:12:21,7.3,78,light intensity shower rain,5.66,,
Bremen,2024-03-18,11:17:54,7.73,79,light intensity shower rain,6.17,,
Bremen,2024-03-18,11:22:08,7.72,79,light intensity shower rain,6.17,,
Bremen,2024-03-18,12:22:09,8.7,78,broken clouds,5.14,,
Bremen,2024-03-18,13:22:09,8.98,77,overcast clouds,5.14,,
Bremen,2024-03-18,14:22:09,9.72,77,light intensity shower rain,4.12,,
Bremen,2024-03-18,15:22:10,8.51,83,light intensity shower rain,2.57,,
Bremen,2024-03-18,16:22:10,8.89,85,overcast clouds,2.57,,
Bremen,2024-03-18,17:22:10,9.19,83,overcast clouds,3.6,,
Bremen,2024-03-18,18:22:11,8.35,85,overcast clouds,3.09,,
Bremen,2024-03-18,19:22:11,8.58,81,overcast clouds,2.57,,
Bremen,2024-03-18,20:22:12,8.46,81,overcast clouds,2.57,,
Bremen,2024-03-18,21:22:12,8.52,78,broken clouds,2.57,,
Bremen,2024-03-18,22:22:13,8.38,75,overcast clouds,3.09,,
Bremen,2024-03-18,23:22:13,7.53,76,scattered clouds,3.09,,
Bremen,2024-03-19,00:22:14,7.03,77,few clouds,3.6,,
Bremen,2024-03-19,01:22:14,6.41,77,clear sky,3.09,,
Bremen,2024-03-19,02:22:14,5.71,79,few clouds,3.09,,
Bremen,2024-03-19,03:22:15,5.56,79,clear sky,3.09,,
Bremen,2024-03-19,04:22:15,4.72,82,clear sky,2.57,,
Bremen,2024-03-19,05:22:15,4.91,82,clear sky,2.57,,
Bremen,2024-03-19,06:22:16,5.03,82,few clouds,2.57,,
Bremen,2024-03-19,07:22:16,5.81,81,broken clouds,3.6,,
Bremen,2024-03-19,08:22:17,6.31,82,broken clouds,3.6,,
Bremen,2024-03-19,09:22:17,7.46,76,broken clouds,3.6,,
Bremen,2024-03-19,10:22:18,8.9,82,broken clouds,3.6,,
Bremen,2024-03-19,11:07:07,10.63,80,few clouds,4.12,,
Bremen,2024-03-19,11:08:11,10.63,80,few clouds,4.12,,
Bremen,2024-03-19,11:12:17,10.63,80,few clouds,4.12,,
Bremen,2024-03-19,11:16:17,10.91,81,clear sky,3.6,,
Bremen,2024-03-19,11:17:31,10.91,81,clear sky,3.6,,
Bremen,2024-03-19,11:20:41,10.91,81,clear sky,3.6,,
Bremen,2024-03-19,11:26:58,11.3,82,clear sky,3.6,,
Bremen,2024-03-19,11:35:56,12.12,80,clear sky,3.09,,
Bremen,2024-03-19,22:42:33,11.04,86,few clouds,2.57,,
Bremen,2024-03-20,23:01:37,10.92,94,light intensity drizzle rain,2.57,,
Bremen,2024-03-21,01:00:18,10.87,94,mist,1.54,,
Bremen,2024-03-21,15:53:12,9.82,82,broken clouds,5.66,,
Bremen,2024-03-21,15:55:44,9.82,82,broken clouds,5.66,,
Bremen,2024-03-21,15:57:20,9.82,83,broken clouds,5.66,,
Bremen,2024-03-21,16:14:53,9.94,77,scattered clouds,5.14,,
Bremen,2024-03-21,16:18:58,9.48,83,scattered clouds,5.14,,
Bremen,2024-03-21,17:18:58,9.46,83,broken clouds,4.12,,
Bremen,2024-03-21,18:18:59,8.34,86,few clouds,2.57,,
Bremen,2024-03-21,19:18:59,7.69,89,scattered clouds,2.06,,
Bremen,2024-03-21,20:18:59,8.03,89,few clouds,1.54,,
Bremen,2024-03-21,21:19:23,8.07,89,few clouds,2.57,,
Bremen,2024-03-21,22:19:23,8.02,89,scattered clouds,2.06,,
Bremen,2024-03-21,23:19:24,8.71,87,few clouds,2.57,,
Bremen,2024-03-22,00:19:24,8.79,87,few clouds,3.6,,
Bremen,2024-03-22,01:19:24,9.16,86,broken clouds,4.12,,
Bremen,2024-03-22,02:19:25,9.39,87,broken clouds,4.63,,
Bremen,2024-03-22,03:19:25,9.6,88,few clouds,5.14,,
Bremen,2024-03-22,04:19:25,9.62,90,broken clouds,5.14,,
Bremen,2024-03-22,05:19:26,10.2,88,overcast clouds,5.66,,
Bremen,2024-03-22,06:19:26,10.04,91,overcast clouds,4.63,,
Bremen,2024-03-22,07:19:27,10.67,89,light rain,5.14,,
Bremen,2024-03-22,08:19:27,10.06,94,mist,4.63,,
Bremen,2024-03-22,09:19:27,10.68,90,overcast clouds,5.66,,
Bremen,2024-03-22,10:19:28,10.4,92,overcast clouds,7.72,,
Bremen,2024-03-22,11:19:28,10.44,92,overcast clouds,6.69,,
Bremen,2024-03-22,12:19:29,10.44,93,broken clouds,7.2,,
Bremen,2024-03-22,13:19:29,10.54,92,overcast clouds,6.17,,
Bremen,2024-03-22,14:19:29,10.54,95,light intensity drizzle rain,6.17,,
Bremen,2024-03-22,15:19:30,9.5,94,light intensity shower rain,5.66,,
Bremen,2024-03-22,16:19:30,9.05,92,mist,6.69,,
Bremen,2024-03-22,17:19:30,8.86,93,broken clouds,2.57,,
Bremen,2024-03-22,18:19:31,8.57,91,overcast clouds,4.12,,
Bremen,2024-03-22,19:19:44,7.91,90,scattered clouds,4.12,,
Bremen,2024-03-22,19:43:43,7.59,93,light rain,3.6,,
Bremen,2024-03-22,20:43:52,7.05,90,light rain,3.6,,
Bremen,2024-03-22,21:44:32,7.03,89,light rain,2.06,,
Bremen,2024-03-22,22:44:46,6.58,92,light rain,2.57,,
Bremen,2024-03-22,23:20:40,6.51,92,light rain,2.57,,
Bremen,2024-03-22,23:26:44,6.51,92,light rain,2.57,,
Bremen,2024-03-23,00:26:44,5.83,94,clear sky,1.54,,
Bremen,2024-03-23,01:26:45,5.32,94,clear sky,2.06,,
Bremen,2024-03-24,12:42:33,6.03,92,light intensity shower rain,8.23,,
Bremen,2024-03-24,13:42:40,6.18,92,shower rain,5.66,,
Bremen,2024-03-24,13:45:33,6.18,92,shower rain,5.66,,
Bremen,2024-03-24,13:49:21,6.26,92,shower rain,5.66,,
Bremen,2024-03-24,13:51:33,6.26,92,shower rain,5.66,,
Bremen,2024-03-24,14:07:23,6.19,89,shower rain,5.66,,
Bremen,2024-03-24,14:08:37,6.19,89,shower rain,5.66,,
Bremen,2024-03-24,14:12:25,6.29,90,shower rain,7.72,,
Bremen,2024-03-24,14:19:13,6.29,90,overcast clouds,7.72,,
Bremen,2024-03-24,14:21:08,6.29,90,overcast clouds,7.72,,
Bremen,2024-03-24,15:21:09,6.45,90,light rain,7.72,,
Bremen,2024-03-24,16:21:09,6.46,90,light intensity shower rain,7.2,,
Bremen,2024-03-24,17:21:13,5.97,90,light intensity shower rain,8.23,,
Bremen,2024-03-24,18:21:51,5.86,90,broken clouds,5.66,,
Bremen,2024-03-24,19:21:52,5.57,93,moderate rain,7.72,,
Bremen,2024-03-24,20:21:52,5.74,91,broken clouds,7.2,,
Bremen,2024-03-24,21:21:52,5.68,90,overcast clouds,8.23,,
Bremen,2024-03-24,22:22:23,5.09,90,scattered clouds,7.72,,
Bremen,2024-03-24,23:22:23,4.78,92,overcast clouds,6.17,,
Bremen,2024-03-25,00:23:04,4.93,90,broken clouds,6.69,,
Bremen,2024-03-25,01:23:04,4.5,93,broken clouds,6.69,,
Bremen,2024-03-25,02:23:05,4.23,90,scattered clouds,3.6,,
Bremen,2024-03-25,03:23:05,4.05,95,overcast clouds,3.09,,
Bremen,2024-03-25,04:24:21,4.44,93,overcast clouds,3.09,,
Bremen,2024-03-25,05:24:42,4.69,90,broken clouds,4.12,,
Bremen,2024-03-25,22:14:16,3.93,88,clear sky,2.06,,
Bremen,2024-03-25,23:14:48,3.6,86,clear sky,2.57,,
Bremen,2024-03-26,00:15:45,3.73,84,clear sky,2.57,,
Bremen,2024-03-26,01:16:14,3.54,83,clear sky,3.6,,
Bremen,2024-03-26,02:16:36,3.26,81,clear sky,3.6,,
Bremen,2024-03-26,03:17:02,2.51,84,clear sky,3.6,,
Bremen,2024-03-26,04:17:02,2.51,84,clear sky,3.6,,
Bremen,2024-03-26,05:17:03,2.14,88,clear sky,4.63,,
Bremen,2024-03-26,06:17:56,3.28,80,clear sky,4.63,,
Bremen,2024-03-26,07:18:39,3.66,84,clear sky,5.66,,
Bremen,2024-03-26,08:18:40,5.85,78,clear sky,5.66,,
Bremen,2024-03-26,09:18:40,8,73,clear sky,5.66,,
Bremen,2024-03-26,10:19:38,9.73,68,clear sky,7.72,,
Bremen,2024-03-26,11:19:53,10.9,62,clear sky,7.2,,
Bremen,2024-03-26,12:19:53,10.64,64,clear sky,7.2,,
Bremen,2024-03-26,13:20:23,10.47,68,clear sky,6.17,,
Bremen,2024-03-26,14:20:23,10.83,68,clear sky,5.66,,
Bremen,2024-03-26,15:21:10,10.79,58,clear sky,5.66,,
Bremen,2024-03-26,16:21:10,10.61,71,clear sky,5.14,,
Bremen,2024-03-26,17:21:11,10.68,63,clear sky,5.66,,
Bremen,2024-03-26,18:21:21,9.77,75,clear sky,4.63,,
Bremen,2024-03-26,19:21:55,8.94,78,clear sky,3.6,,
Bremen,2024-03-26,20:21:55,8.82,73,clear sky,3.09,,
Bremen,2024-03-26,21:21:55,8.55,74,clear sky,3.6,,
Bremen,2024-03-26,22:22:04,8.27,75,clear sky,3.6,,
Bremen,2024-03-26,23:22:49,7.73,78,clear sky,4.63,,
Bremen,2024-03-27,00:23:32,6.47,84,clear sky,3.09,,
Bremen,2024-03-27,01:24:02,6.56,79,clear sky,2.06,,
Bremen,2024-03-27,02:24:31,6.57,80,clear sky,2.57,,
Bremen,2024-03-27,03:25:16,6.03,82,clear sky,2.57,,
Bremen,2024-03-27,04:25:16,5.73,82,clear sky,2.06,,
Bremen,2024-03-27,05:25:17,5.26,86,clear sky,2.06,,
Bremen,2024-03-27,06:25:17,5.73,87,clear sky,2.57,,
Bremen,2024-03-27,07:26:08,7.12,83,clear sky,3.09,,
Bremen,2024-03-27,08:27:07,9.4,72,clear sky,2.57,,
Bremen,2024-03-27,09:27:07,11.71,73,clear sky,3.09,,
Bremen,2024-03-27,10:27:07,14.08,70,clear sky,2.57,,
Bremen,2024-03-27,11:28:12,15.34,67,clear sky,1.54,,
Bremen,2024-03-27,12:29:04,15.99,63,clear sky,2.57,,
Bremen,2024-03-27,13:29:13,16.02,65,clear sky,1.54,,
Bremen,2024-03-27,14:29:35,15.76,69,clear sky,3.6,,
Bremen,2024-03-27,15:29:40,15.11,73,few clouds,4.63,,
Bremen,2024-03-27,16:29:40,13.3,79,broken clouds,5.66,,
Bremen,2024-03-27,17:30:13,11.99,83,overcast clouds,5.14,,
Bremen,2024-03-27,18:31:08,10.55,84,few clouds,3.6,,
Bremen,2024-03-27,19:31:08,9.53,87,broken clouds,3.09,,
Bremen,2024-03-27,20:31:08,8.91,90,broken clouds,3.6,,
Bremen,2024-03-27,21:32:01,8.79,90,broken clouds,2.57,,
Bremen,2024-03-27,22:32:01,8.49,91,light rain,2.06,,
Bremen,2024-03-27,23:32:01,8.56,91,light rain,2.57,,
Bremen,2024-03-28,00:32:13,8.01,94,light rain,2.57,,
Bremen,2024-03-28,01:32:46,7.84,94,light rain,2.57,,
Bremen,2024-03-28,02:33:27,7.66,95,moderate rain,3.6,,
Bremen,2024-03-28,03:33:28,6.85,93,moderate rain,5.66,,
Bremen,2024-03-28,04:34:21,5.8,95,moderate rain,2.57,,
Bremen,2024-03-28,05:34:21,5.92,95,light rain,1.54,,
Bremen,2024-03-28,06:34:21,5.92,97,light intensity drizzle rain,1.03,,
Bremen,2024-03-28,07:34:47,6.46,95,scattered clouds,1.03,,
Bremen,2024-03-28,08:34:48,7.1,95,broken clouds,2.57,,
Bremen,2024-03-28,09:35:28,8.7,88,scattered clouds,2.57,,
Bremen,2024-03-28,10:35:28,10.62,85,broken clouds,4.12,,
Bremen,2024-03-28,11:36:17,11.63,80,scattered clouds,5.66,,
Bremen,2024-03-28,12:36:17,11.65,80,light rain,7.72,,
Bremen,2024-03-28,13:36:56,7.77,91,light intensity shower rain,9.77,,
Bremen,2024-03-28,14:36:56,7.06,94,light rain,7.72,,
Bremen,2024-03-28,15:37:29,7.6,89,clear sky,7.2,,
Bremen,2024-03-28,16:38:51,7.99,91,clear sky,4.63,,
Bremen,2024-03-28,17:38:52,7.99,90,few clouds,3.09,,
Bremen,2024-03-28,18:39:19,7.72,88,clear sky,3.6,,
Bremen,2024-03-28,19:39:57,7.39,87,clear sky,4.12,,
Bremen,2024-03-28,20:39:57,7.39,83,clear sky,4.12,,
Bremen,2024-03-28,21:39:58,7.58,83,clear sky,4.12,,
Bremen,2024-03-28,22:40:20,7.37,82,clear sky,5.66,,
Bremen,2024-03-28,23:40:20,6.75,84,clear sky,4.63,,
Bremen,2024-03-29,00:40:21,6.67,85,clear sky,4.63,,
Bremen,2024-03-29,01:40:21,6.76,84,clear sky,4.63,,
Bremen,2024-03-29,02:41:04,6.71,84,clear sky,4.63,,
Bremen,2024-03-29,03:41:56,6.76,84,clear sky,5.14,,
Bremen,2024-03-29,04:41:56,6.77,84,clear sky,4.12,,
Bremen,2024-03-29,05:42:14,6.86,83,clear sky,5.14,,
Bremen,2024-03-29,06:43:16,8.31,79,light rain,5.66,,
Bremen,2024-03-29,07:44:17,7.78,87,light rain,3.6,,
Bremen,2024-03-29,08:44:44,8.39,86,broken clouds,3.6,,
Bremen,2024-03-29,09:44:55,8.98,86,overcast clouds,5.14,,
Bremen,2024-03-29,10:45:41,9.64,84,broken clouds,5.66,,
Bremen,2024-03-29,11:46:41,11.42,82,broken clouds,4.63,,
Bremen,2024-03-29,12:46:41,11.66,82,broken clouds,5.66,,
Bremen,2024-03-29,13:46:41,12.41,81,broken clouds,5.66,,
Bremen,2024-03-29,14:47:25,13.85,78,broken clouds,5.14,,
Bremen,2024-03-29,15:47:25,14.03,67,broken clouds,5.14,,
Bremen,2024-03-29,16:47:25,13.74,69,broken clouds,3.09,,
Bremen,2024-03-29,17:48:06,12.61,83,scattered clouds,3.6,,
Bremen,2024-03-29,18:48:44,10.6,88,few clouds,3.09,,
Bremen,2024-03-29,19:48:45,10.84,84,few clouds,3.6,,
Bremen,2024-03-29,20:49:16,9.56,91,clear sky,2.57,,
Bremen,2024-03-29,21:49:16,10.47,88,clear sky,2.06,,
Bremen,2024-03-29,22:49:46,10.03,89,light rain,3.6,,
Bremen,2024-03-29,23:50:40,10.1,87,light rain,3.09,,
Bremen,2024-03-30,00:51:38,9.83,87,light rain,3.09,,
Bremen,2024-03-30,01:51:38,9.54,91,clear sky,3.09,,
Bremen,2024-03-30,02:51:56,9.34,91,clear sky,3.09,,
Bremen,2024-03-30,03:52:37,9.52,91,clear sky,2.57,,
Bremen,2024-03-30,04:52:37,9.4,91,few clouds,2.57,,
Bremen,2024-03-30,05:52:39,8.77,94,clear sky,3.09,,
Bremen,2024-03-30,06:52:55,9.62,92,clear sky,3.09,,
Bremen,2024-03-30,07:53:06,10.66,90,clear sky,3.09,,
Bremen,2024-03-30,08:53:06,12.16,86,clear sky,4.12,,
Bremen,2024-03-30,09:53:41,13.79,82,clear sky,3.6,,
Bremen,2024-03-30,10:54:45,15.28,79,clear sky,3.09,,
Bremen,2024-03-30,11:55:48,17.06,76,clear sky,4.63,,
Bremen,2024-03-30,12:55:48,18.11,73,clear sky,4.12,,
Bremen,2024-03-30,13:56:30,19.18,69,clear sky,3.6,,
Bremen,2024-03-30,14:56:30,18.61,63,clear sky,4.12,,
Bremen,2024-03-30,15:56:31,17.94,59,clear sky,3.09,,
Bremen,2024-03-30,16:57:10,16.66,72,clear sky,4.12,,
Bremen,2024-03-30,17:57:11,14.76,81,clear sky,2.57,,
Bremen,2024-03-30,18:57:11,12.68,83,clear sky,3.09,,
Bremen,2024-03-30,19:58:01,12.89,71,clear sky,3.09,,
Bremen,2024-03-30,20:58:01,11.8,82,clear sky,3.09,,
Bremen,2024-03-30,21:58:02,10.71,88,overcast clouds,3.56,,
Bremen,2024-03-30,22:58:02,9.7,88,clear sky,2.57,,
Bremen,2024-03-30,23:58:42,9.18,90,clear sky,2.06,,
Bremen,2024-03-31,00:58:42,8.67,91,clear sky,3.09,,
Bremen,2024-03-31,01:58:48,7.76,95,overcast clouds,1.54,,
Bremen,2024-03-31,02:59:12,8.13,93,broken clouds,3.6,,
Bremen,2024-03-31,03:59:36,8.47,91,overcast clouds,3.09,,
Bremen,2024-03-31,04:59:37,8.37,91,overcast clouds,1.54,,
Bremen,2024-03-31,06:00:07,8,93,light rain,2.06,,
Bremen,2024-03-31,07:00:08,7.94,93,light rain,3.09,,
Bremen,2024-03-31,08:00:08,8.56,91,light rain,2.06,,
Bremen,2024-03-31,09:00:53,8.48,91,light rain,1.03,,
Bremen,2024-03-31,10:00:53,9.3,88,light rain,0.51,,
Bremen,2024-03-31,11:01:37,9.9,91,scattered clouds,2.57,,
Bremen,2024-03-31,12:01:37,10.97,90,broken clouds,3.6,,
Bremen,2024-03-31,13:02:12,12.98,86,broken clouds,2.06,,
Bremen,2024-03-31,14:02:12,13.51,82,broken clouds,3.09,,
Bremen,2024-03-31,15:02:40,14.4,82,broken clouds,2.06,,
Bremen,2024-03-31,16:02:40,13.82,83,few clouds,2.06,,
Bremen,2024-03-31,17:02:40,13.51,83,clear sky,2.06,,
Bremen,2024-03-31,18:02:41,12.39,84,light rain,2.06,,
Bremen,2024-03-31,19:03:48,11.66,87,moderate rain,3.6,,
Bremen,2024-03-31,20:03:48,11.96,85,light intensity shower rain,4.63,,
Bremen,2024-03-31,21:03:54,12.06,82,clear sky,3.6,,
Bremen,2024-03-31,22:03:55,11.84,78,clear sky,4.63,,
Bremen,2024-03-31,23:04:55,10.8,90,scattered clouds,3.6,,
Bremen,2024-04-01,00:04:55,9.81,93,clear sky,3.6,,
Bremen,2024-04-01,01:04:55,9.53,89,clear sky,3.09,,
Bremen,2024-04-01,02:05:34,9.26,90,clear sky,3.6,,
Bremen,2024-04-01,03:06:07,9.25,91,clear sky,3.09,,
Bremen,2024-04-01,04:06:07,9.16,91,clear sky,2.06,,
Bremen,2024-04-01,05:06:42,9.01,91,clear sky,1.54,,
Bremen,2024-04-01,06:06:42,8.91,92,light rain,1.54,,
Bremen,2024-04-01,07:06:57,8.94,97,moderate rain,1.03,,
Bremen,2024-04-01,08:07:42,8.89,97,mist,1.03,,
Bremen,2024-04-01,09:08:15,9.44,95,moderate rain,2.57,,
Bremen,2024-04-01,10:08:46,9.79,95,moderate rain,1.03,,
Bremen,2024-04-01,11:09:55,9.8,98,light intensity drizzle,3.09,,
Bremen,2024-04-04,01:50:45,10.68,85,1,5.14,0,1
Bremen,2024-04-04,01:54:01,10.68,85,1,5.14,0,1
Bremen,2024-04-04,01:54:34,10.68,85,1,5.14,0,1
Bremen,2024-04-04,01:57:01,10.68,85,1,5.14,0,1
Bremen,2024-04-04,01:58:27,10.68,85,1,5.14,0,1
Bremen,2024-04-04,02:03:49,10.21,84,1,5.14,0,2
Bremen,2024-04-04,02:06:20,10.21,84,1,5.14,0,2
Bremen,2024-04-04,02:08:14,10.21,84,1,5.14,0,2
Bremen,2024-04-04,02:10:47,10.21,84,1,5.14,0,2
Bremen,2024-04-04,02:14:55,10.21,84,1,5.14,0,2
Bremen,2024-04-04,02:19:56,10.2,84,1,5.14,0,2
Bremen,2024-04-04,02:30:28,10.2,84,1,5.14,0,2
Bremen,2024-04-04,21:20:45,10.54,89,1,4.12,0,21
Bremen,2024-04-04,21:22:32,10.54,89,1,4.12,0,21
Bremen,2024-04-04,21:23:48,10.54,89,1,4.12,0,21
Bremen,2024-04-04,21:24:38,10.54,89,1,4.12,0,21
Bremen,2024-04-04,21:25:29,10.81,86,1,4.12,0,21
Bremen,2024-04-04,21:26:29,10.81,86,1,4.12,0,21
Bremen,2024-04-04,21:27:02,10.81,86,1,4.12,0,21
Bremen,2024-04-04,21:29:23,10.81,86,1,4.12,0,21
Bremen,2024-04-04,21:30:04,10.7,86,1,4.12,0,21
Bremen,2024-04-04,21:32:00,10.7,86,1,4.12,0,21
Bremen,2024-04-04,21:35:20,10.72,86,1,4.12,0,21
Bremen,2024-04-05,01:05:37,11.19,87,1,4.12,0,1
Bremen,2024-04-05,01:09:06,11.19,87,1,4.12,0,1
Bremen,2024-04-05,03:20:02,11.67,84,1,4.12,0,3
Bremen,2024-04-05,03:22:40,11.67,84,1,4.12,0,3
Bremen,2024-04-05,03:31:23,11.73,84,1,4.12,0,3
Bremen,2024-04-05,03:36:45,11.73,84,1,4.12,0,3
Bremen,2024-04-05,03:39:51,11.28,86,1,4.12,0,3
Bremen,2024-04-05,03:42:22,11.24,86,1,4.12,0,3
Bremen,2024-04-05,03:44:03,11.24,86,1,4.12,0,3
Bremen,2024-04-05,03:44:41,11.24,86,1,4.12,0,3
Bremen,2024-04-05,03:55:56,11.16,86,1,4.12,0,3
Bremen,2024-04-05,03:57:37,11.16,86,1,4.12,0,3
Bremen,2024-04-05,04:02:15,11.14,86,1,4.12,0,4
Bremen,2024-04-05,04:06:13,11.14,86,1,4.12,0,4
Bremen,2024-04-05,04:08:16,10.76,87,0,3.6,0,4
Bremen,2024-04-05,04:09:30,10.76,87,0,3.6,0,4
Bremen,2024-04-05,04:18:53,10.76,87,0,3.6,0,4
Bremen,2024-04-05,04:23:21,10.76,87,0,3.6,0,4
Bremen,2024-04-05,04:26:22,10.76,87,0,3.6,0,4
Bremen,2024-04-05,04:28:40,10.76,87,0,3.6,0,4
Bremen,2024-04-05,05:28:41,10.04,87,1,3.09,11,5
Bremen,2024-04-05,06:30:11,10.2,86,1,3.6,11,6
Bremen,2024-04-05,07:32:34,10.02,90,0,3.09,11,7
Bremen,2024-04-05,08:32:35,10.67,91,4,4.63,11,8
Bremen,2024-04-05,22:24:04,13.2,74,1,4.12,0,22
Bremen,2024-04-05,23:24:05,12.27,83,0,2.57,0,23
Bremen,2024-04-06,00:24:05,11.7,82,0,2.06,0,0
Bremen,2024-04-06,01:24:05,10.62,89,0,1.03,0,1
Bremen,2024-04-06,02:03:53,10.88,86,0,1.54,0,2
Bremen,2024-04-06,02:05:25,10.88,86,0,1.54,0,2
Bremen,2024-04-06,02:07:39,10.88,86,0,1.54,0,2
Bremen,2024-04-06,02:43:39,11.17,87,1,2.57,0,2
Bremen,2024-04-06,03:16:15,11.35,86,1,2.57,0,3
Bremen,2024-04-06,04:16:16,11.29,89,1,3.09,0,4
Bremen,2024-04-06,05:16:16,11.08,89,0,2.57,0,5
Bremen,2024-04-06,06:16:28,10.39,92,0,2.57,0,6
Bremen,2024-04-06,07:16:28,10.71,92,0,2.06,0,7
Bremen,2024-04-06,08:16:28,11.17,93,0,2.57,0,8
Bremen,2024-04-06,09:16:28,13.38,91,1,4.63,0,9
Bremen,2024-04-06,10:16:55,14.97,87,0,3.6,0,10
Bremen,2024-04-06,11:16:55,16.93,83,0,3.6,0,11
Bremen,2024-04-06,12:16:56,18.85,78,0,5.14,0,12
Bremen,2024-04-06,13:16:56,20.53,76,0,5.66,0,13
Bremen,2024-04-06,14:17:25,22.25,72,0,6.17,0,14
Bremen,2024-04-06,15:17:25,22.85,70,0,6.17,0,15
Bremen,2024-04-06,16:17:25,22.93,67,0,6.69,0,16
Bremen,2024-04-06,17:17:26,22.82,67,0,7.2,0,17
Bremen,2024-04-06,18:17:59,22.38,70,0,5.66,0,18
Bremen,2024-04-06,19:18:23,22.06,61,0,5.14,0,19
Bremen,2024-04-06,20:18:34,19.76,79,0,4.63,0,20
Bremen,2024-04-06,21:18:34,20.25,72,0,3.6,0,21
Bremen,2024-04-06,22:18:34,17.51,76,0,2.57,0,22
Bremen,2024-04-06,23:18:35,16.52,78,0,3.09,0,23
Bremen,2024-04-07,00:18:38,16.8,66,0,3.6,0,0
Bremen,2024-04-07,01:18:53,15.85,75,0,2.57,0,1
Bremen,2024-04-07,02:18:53,16.72,66,0,2.57,0,2
Bremen,2024-04-07,03:18:53,15.83,68,0,2.06,0,3
Bremen,2024-04-07,04:18:54,15.36,70,0,2.06,0,4
Bremen,2024-04-07,05:18:54,15.02,70,0,2.06,0,5
Bremen,2024-04-07,06:18:54,14.2,79,0,2.57,0,6
Bremen,2024-04-07,07:18:55,15.58,78,0,5.66,0,7
Bremen,2024-04-07,08:18:55,14.65,82,4,3.6,0,8
Bremen,2024-04-07,09:18:55,14.64,81,4,2.57,0,9
Bremen,2024-04-07,10:18:55,15.95,77,0,4.63,0,10
Bremen,2024-04-07,11:18:56,17.98,63,0,7.72,0,11
Bremen,2024-04-07,12:18:56,18.23,70,0,8.23,0,12
Bremen,2024-04-07,13:19:03,19.29,69,0,7.72,0,13
Bremen,2024-04-07,14:19:12,19.81,65,1,8.23,0,14
Bremen,2024-04-07,15:19:38,20.87,60,0,7.72,0,15
Bremen,2024-04-07,16:19:38,20.26,52,0,6.69,0,16
Bremen,2024-04-07,17:19:38,20.68,47,0,8.23,0,17
Bremen,2024-04-07,18:19:39,20.51,48,0,5.66,0,18
Bremen,2024-04-07,19:19:39,18.91,50,0,5.14,0,19
Bremen,2024-04-07,19:47:52,18.89,48,0,3.09,0,19
Bremen,2024-04-07,19:49:32,18.89,48,0,3.09,0,19
Bremen,2024-04-07,19:51:40,18.89,48,0,3.09,0,19
Bremen,2024-04-07,19:55:04,18.89,48,0,3.09,0,19
Bremen,2024-04-07,20:55:12,18.09,68,4,3.09,0,20
Bremen,2024-04-07,21:55:16,16.87,76,4,2.57,0,21
Bremen,2024-04-07,22:55:17,16.83,76,4,2.57,0,22
Bremen,2024-04-07,23:55:17,15.08,83,4,4.12,0,23
Bremen,2024-04-08,00:55:17,14.11,89,4,3.09,0,0
Bremen,2024-04-08,01:55:23,13.14,93,4,2.06,0,1
Bremen,2024-04-08,02:55:23,13.04,94,4,3.09,0,2
Bremen,2024-04-08,03:55:23,12.81,94,4,2.06,0,3
Bremen,2024-04-08,04:55:23,12.81,95,4,2.06,0,4
Bremen,2024-04-08,05:55:24,12.72,95,0,1.54,0,5
Bremen,2024-04-08,06:56:33,12.63,95,0,2.06,0,6
Bremen,2024-04-08,07:56:34,12.64,95,0,2.57,0,7
Bremen,2024-04-08,08:56:34,13.09,95,1,1.03,0,8
Bremen,2024-04-08,09:57:24,13.83,91,1,3.09,0,9
Bremen,2024-04-08,10:57:52,15.07,85,1,2.06,0,10
Bremen,2024-04-08,11:57:53,16.19,84,1,1.03,0,11
Bremen,2024-04-08,12:57:53,16.74,81,1,2.06,0,12
Bremen,2024-04-08,13:57:53,17.11,80,1,2.06,0,13
Bremen,2024-04-08,14:58:21,17.73,78,1,2.57,0,14
Bremen,2024-04-08,15:58:22,18.12,80,1,1.54,0,15
Bremen,2024-04-08,16:58:29,17.92,80,1,1.54,0,16
Bremen,2024-04-08,17:58:30,18.14,79,1,0.51,0,17
Bremen,2024-04-08,18:58:33,17.48,81,0,1.03,0,18
Bremen,2024-04-08,19:58:33,16.83,87,1,1.82,0,19
Bremen,2024-04-08,20:58:33,15.61,87,0,2.57,0,20
Bremen,2024-04-08,21:58:34,14.63,89,0,3.09,0,21
Bremen,2024-04-08,22:58:34,14.16,86,0,3.09,0,22
Bremen,2024-04-08,23:58:34,13.72,90,0,3.09,0,23
Bremen,2024-04-09,00:58:35,13.09,93,0,2.57,0,0
Bremen,2024-04-09,01:58:35,13.55,93,0,3.09,0,1
Bremen,2024-04-09,02:58:35,14.22,91,0,3.6,0,2
Bremen,2024-04-09,03:58:35,13.85,93,4,2.06,0,3
Bremen,2024-04-09,04:58:43,14.83,88,4,2.06,0,4
Bremen,2024-04-09,05:59:45,14.71,85,0,3.09,0,5
Bremen,2024-04-09,07:01:21,14.05,88,0,2.06,0,7
Bremen,2024-04-09,08:01:22,14.42,87,4,3.6,0,8
Bremen,2024-04-09,09:02:56,14.86,85,4,4.12,0,9
Bremen,2024-04-09,10:03:32,14.8,88,4,4.12,11,10
Bremen,2024-04-09,11:04:21,14.79,88,4,7.2,11,11
Bremen,2024-04-09,12:04:21,15.24,89,4,5.66,11,12
Bremen,2024-04-09,13:04:22,14.21,91,4,6.17,11,13
Bremen,2024-04-09,14:04:22,12.62,89,4,6.17,11,14
Bremen,2024-04-09,15:04:22,11.86,93,4,5.66,11,15
Bremen,2024-04-09,16:04:23,11.96,87,0,5.14,11,16
Bremen,2024-04-09,17:06:33,12.51,84,0,6.69,11,17
Bremen,2024-04-09,18:08:09,12.58,76,0,5.66,11,18
Bremen,2024-04-09,19:09:20,12.92,64,1,4.63,11,19
Bremen,2024-04-09,20:09:21,12.73,63,0,4.63,11,20
Bremen,2024-04-09,21:09:21,12.13,70,1,6.17,11,21
Bremen,2024-04-09,19:43:16,11.47,75,1,9.26,11,19
Bremen,2024-04-09,22:09:22,10.81,77,1,8.23,11,22
Bremen,2024-04-09,23:09:22,9.91,82,1,6.69,11,23
Bremen,2024-04-10,00:09:22,10.01,80,1,7.2,0,0
Bremen,2024-04-10,01:09:22,9.51,84,1,6.17,0,1
Bremen,2024-04-10,02:09:23,9.6,83,1,6.69,0,2
Bremen,2024-04-10,03:09:23,9.75,83,1,7.2,0,3
Bremen,2024-04-10,04:09:23,9.56,78,1,7.72,0,4
Bremen,2024-04-10,05:09:24,8.87,83,1,6.17,0,5
Bremen,2024-04-10,06:09:24,8.92,87,1,6.69,0,6
Bremen,2024-04-10,07:09:32,8.57,87,1,6.17,0,7
Bremen,2024-04-10,08:09:58,8.53,89,1,5.14,0,8
Bremen,2024-04-10,09:10:40,9.53,86,1,6.17,0,9
Bremen,2024-04-10,10:10:41,10.48,83,1,5.66,0,10
Bremen,2024-04-10,11:10:41,11.39,75,1,6.17,0,11
Bremen,2024-04-10,12:12:47,12.71,72,1,5.66,0,12
Bremen,2024-04-10,13:14:02,13.38,70,1,4.63,0,13
Bremen,2024-04-10,14:14:03,13.57,72,0,4.63,0,14
Bremen,2024-04-10,15:14:27,13.79,71,1,3.6,0,15
Bremen,2024-04-10,16:15:15,14.74,76,0,5.66,0,16
Bremen,2024-04-10,17:15:40,14.32,71,1,4.12,0,17
Bremen,2024-04-10,18:16:59,14.42,69,1,5.14,0,18
Bremen,2024-04-10,19:18:24,13.03,63,0,6.17,0,19
Bremen,2024-04-10,20:18:37,11.82,75,0,3.09,0,20
Bremen,2024-04-10,21:18:46,9.94,81,0,2.57,0,21
Bremen,2024-04-10,22:19:02,9.48,80,0,2.57,0,22
Bremen,2024-04-10,23:19:03,7.86,86,0,3.09,0,23
Bremen,2024-04-11,00:19:03,7.67,83,0,3.09,0,0
Bremen,2024-04-11,00:41:21,7.67,83,0,3.6,0,0
Bremen,2024-04-11,00:46:55,7.68,83,0,3.6,0,0
Bremen,2024-04-11,01:46:55,8.58,84,0,3.6,0,1
Bremen,2024-04-11,02:46:56,9.24,82,0,4.12,0,2
Bremen,2024-04-11,03:46:56,9.38,78,0,4.12,0,3
Bremen,2024-04-11,04:46:57,9.6,78,0,3.6,0,4
Bremen,2024-04-11,05:47:06,10.6,74,1,4.12,0,5
Bremen,2024-04-11,06:47:06,10.88,75,1,5.14,0,6
Bremen,2024-04-11,07:47:33,11.03,77,4,5.14,0,7
Bremen,2024-04-11,08:50:58,10.72,82,4,4.63,0,8
Bremen,2024-04-11,09:51:14,9.87,88,4,5.14,0,9
Bremen,2024-04-11,10:51:14,10.29,88,3,4.63,0,10
Bremen,2024-04-11,11:51:14,11.35,88,4,4.63,0,11
Bremen,2024-04-11,12:51:56,12.39,86,1,6.69,0,12
Bremen,2024-04-11,13:51:57,13.23,88,1,5.66,0,13
Bremen,2024-04-11,14:52:20,13.73,84,1,6.17,0,14
Bremen,2024-04-11,15:53:53,13.75,84,1,5.14,0,15
